<?xml version="1.0" encoding="UTF-8"?>
<sbml xmlns="http://www.sbml.org/sbml/level2" metaid="metaid_0000001" level="2" version="1">
  <model metaid="metaid_0000002" id="vilarOscillator" name="Vilar2002_Oscillator">
    <notes>
      <body xmlns="http://www.w3.org/1999/xhtml">
			<h1>
<h1>Minimal Model for Circadian Oscillations</h1>
</h1>

			<table border="0" cellpadding="2" cellspacing="0">
				<thead>
					<tr>
						<th align="left" bgcolor="#eeeeee" valign="middle">Citation</th>
					</tr>
				</thead>
				<tbody>
					<tr>
						<td>Vilar JMG, Kueh HY, Barkai N, Leibler S,
							 (2002)
							. Mechanisms of noise resistance in genetic oscillators,
							  PNAS, 99(9):5988-5992.
						<a href="http://www.pnas.org/        cgi/content/abstract/99/9/5988">
							http://www.pnas.org/cgi/content/abstract/
							99/9/5988
						</a>
</td>
					</tr>
				</tbody>
			</table>
			
			<table border="0" cellpadding="2" cellspacing="0">
				<thead>
					<tr>
						<th align="left" bgcolor="#eeeeee" valign="middle">Description</th>
					</tr>
				</thead>
				<tbody>
					<tr>
						<td>
							A minimal model of genomically based oscillation,
							 based on two mutually interacting genes,
							 an activator and a repressor. Postive feedback is provided by the activator protein,
							 which binds to the promotors of both the activator and the repressor genes. Negative feedback is provided by the repressor protein which binds to the activator protein.</td>
					</tr>
				</tbody>
			</table>
			
			<table border="0" cellpadding="2" cellspacing="0">
				<thead>
					<tr>
						<th align="left" bgcolor="#eeeeee" valign="middle">Rate constant      </th>
						<th align="left" bgcolor="#eeeeee" valign="middle">Reaction</th>
					</tr>
				</thead>
				<tbody>
					<tr>
						<td>alphaA = 50</td>
						<td>DA -> DA + MA</td>
					</tr>
					<tr>
						<td>alphaAp = 500</td>
						<td>DAp -> DAp + MA</td>
					</tr>
					<tr>
						<td>alphaR = 0.01</td>
						<td>DR -> DR + MR</td>
					</tr>
					<tr>
						<td>alphaRp = 50</td>
						<td>DRp -> DRp + MR</td>
					</tr>
					<tr>
						<td>betaA = 50</td>
						<td>MA -> A + MA</td>
					</tr>
					<tr>
						<td>betaR = 5</td>
						<td>MR -> MR + R</td>
					</tr>
					<tr>
						<td>gammaA = 1</td>
						<td>A + DA -> DAp</td>
					</tr>
					<tr>
						<td>gammaC = 2</td>
						<td>A + R -> C</td>
					</tr>
					<tr>
						<td>gammaR = 1</td>
						<td>A + DR -> DRp</td>
					</tr>
					<tr>
						<td>deltaA = 1</td>
						<td>A -> EmptySet</td>
					</tr>
					<tr>
						<td>deltaA = 1</td>
						<td>C -> R</td>
					</tr>
					<tr>
						<td>deltaMA = 10</td>
						<td>MA -> EmptySet</td>
					</tr>
					<tr>
						<td>deltaMR = 0.5</td>
						<td>MR -> EmptySet</td>
					</tr>
					<tr>
						<td>deltaR = 0.2</td>
						<td>R -> EmptySet</td>
					</tr>
					<tr>
						<td>thetaA = 50</td>
						<td>DAp -> A + DA</td>
					</tr>
					<tr>
						<td>thetaR = 100</td>
						<td>DRp -> A + DR</td>
					</tr>
				</tbody>
			</table>

			<table border="0" cellpadding="2" cellspacing="0">
				<thead>
					<tr>
						<th align="left" bgcolor="#eeeeee" valign="middle">Variable</th>
						<th align="left" bgcolor="#eeeeee" valign="middle">IC  </th>
						<th align="left" bgcolor="#eeeeee" valign="middle">ODE</th>
					</tr>
				</thead>
				<tbody>
					<tr>
						<td>A</td>
						<td>0</td>
						<td>A'[t] == -(deltaA*A[t]) - gammaA*A[t]*DA[t] + thetaA*DAp[
							t] - gammaR*A[t]*DR[t] + thetaR*DRp[t] + betaA*MA[t] -
							 gammaC*A[t]*R[t]</td>
					</tr>
					<tr>
						<td>C</td>
						<td>0</td>
						<td>C'[t] == -(deltaA*C[t]) + gammaC*A[t]*R[t]</td>
					</tr>
					<tr>
						<td>DA</td>
						<td>1</td>
						<td>DA'[t] == -(gammaA*A[t]*DA[t]) + thetaA*DAp[t]</td>
					</tr>
					<tr>
						<td>DAp</td>
						<td>0</td>
						<td>DAp'[t] == gammaA*A[t]*DA[t] - thetaA*DAp[t]</td>
					</tr>
					<tr>
						<td>DR</td>
						<td>1</td>
						<td>DR'[t] == -(gammaR*A[t]*DR[t]) + thetaR*DRp[t]</td>
					</tr>
					<tr>
						<td>DRp</td>
						<td>0</td>
						<td>DRp'[t] == gammaR*A[t]*DR[t] - thetaR*DRp[t]</td>
					</tr>
					<tr>
						<td>MA</td>
						<td>0</td>
						<td>MA'[t] == alphaA*DA[t] + alphaAp*DAp[t] - deltaMA*MA[t]</td>
					</tr>
					<tr>
						<td>MR</td>
						<td>0</td>
						<td>MR'[t] == alphaR*DR[t] + alphaRp*DRp[t] - deltaMR*MR[t]</td>
					</tr>
					<tr>
						<td>R</td>
						<td>0</td>
						<td>R'[t] == deltaA*C[t] + betaR*MR[t] - deltaR*R[t] -
							 gammaC*A[t]*R[t]</td>
					</tr>
				</tbody>
			</table>
			<p>Generated by Cellerator Version 1.0 update 2.1127 using Mathematica 4.2 for 
				Mac OS X (June 4, 2002), November 27, 2002 12:17:46, using (PowerMac,PowerPC,
				Mac OS X,MacOSX,Darwin)</p>
			<p>author=B.E.Shapiro</p>

		<p>This model originates from BioModels Database: A Database of Annotated Published Models. It is copyright (c) 2005-2006 The BioModels Team.<br/> For more information see the <a href="http://www.ebi.ac.uk/biomodels/legal.html">terms of use</a>.</p>
</body>
    </notes>
    <annotation>
<rdf:RDF xmlns:rdf="http://www.w3.org/1999/02/22-rdf-syntax-ns#" xmlns:dc="http://purl.org/dc/elements/1.1/" xmlns:vCard="http://www.w3.org/2001/vcard-rdf/3.0#" xmlns:dcterms="http://purl.org/dc/terms/" xmlns:bqbiol="http://biomodels.net/biology-qualifiers/" xmlns:bqmodel="http://biomodels.net/model-qualifiers/" >
<rdf:Description rdf:about="#metaid_0000002">
<dc:creator rdf:parseType="Resource">
<rdf:Bag>
<rdf:li rdf:parseType="Resource">
<vCard:N rdf:parseType="Resource">
<vCard:Family>Shapiro</vCard:Family>
<vCard:Given>Bruce</vCard:Given>
</vCard:N>
<vCard:EMAIL>bshapiro@caltech.edu</vCard:EMAIL>
<vCard:ORG>
<vCard:Orgname>Jet Propulsion Laboratory</vCard:Orgname>
</vCard:ORG>
</rdf:li>
</rdf:Bag>
</dc:creator>
<dcterms:created rdf:parseType="Resource">
<dcterms:W3CDTF>2005-06-30T11:20:37</dcterms:W3CDTF>
</dcterms:created>
<dcterms:modified rdf:parseType="Resource">
<dcterms:W3CDTF>2006-11-29T00:14:22</dcterms:W3CDTF>
</dcterms:modified>
<bqmodel:is>
<rdf:Bag>
<rdf:li rdf:resource="http://www.ebi.ac.uk/biomodels/#BIOMD0000000035"/>
</rdf:Bag>
</bqmodel:is>
<bqmodel:isDescribedBy>
<rdf:Bag>
<rdf:li rdf:resource="http://www.pubmed.gov/#11972055"/>
</rdf:Bag>
</bqmodel:isDescribedBy>
</rdf:Description>
</rdf:RDF>
</annotation>

    <listOfUnitDefinitions>
      <unitDefinition metaid="metaid_0000030" id="time" name="hour">
        <listOfUnits>
          <unit kind="second" multiplier="3600" offset="0"/>
        </listOfUnits>
      </unitDefinition>
    </listOfUnitDefinitions>
    <listOfCompartments>
      <compartment metaid="metaid_0000003" id="deterministicOscillator"/>
    </listOfCompartments>
    <listOfSpecies>
      <species metaid="metaid_0000004" id="EmptySet" compartment="deterministicOscillator" initialAmount="0" boundaryCondition="true"/>
      <species metaid="metaid_0000005" id="A" compartment="deterministicOscillator" initialAmount="0"/>
      <species metaid="metaid_0000006" id="C" compartment="deterministicOscillator" initialAmount="0"/>
      <species metaid="metaid_0000007" id="DA" compartment="deterministicOscillator" initialAmount="1"/>
      <species metaid="metaid_0000008" id="DAp" compartment="deterministicOscillator" initialAmount="0"/>
      <species metaid="metaid_0000009" id="DR" compartment="deterministicOscillator" initialAmount="1"/>
      <species metaid="metaid_0000010" id="DRp" compartment="deterministicOscillator" initialAmount="0"/>
      <species metaid="metaid_0000011" id="MA" compartment="deterministicOscillator" initialAmount="0"/>
      <species metaid="metaid_0000012" id="MR" compartment="deterministicOscillator" initialAmount="0"/>
      <species metaid="metaid_0000013" id="R" compartment="deterministicOscillator" initialAmount="0"/>
    </listOfSpecies>
    <listOfReactions>
      <reaction metaid="metaid_0000014" id="Reaction1" reversible="false">
        <listOfReactants>
          <speciesReference species="A"/>
          <speciesReference species="R"/>
        </listOfReactants>
        <listOfProducts>
          <speciesReference species="C"/>
        </listOfProducts>
        <kineticLaw>
          <math xmlns="http://www.w3.org/1998/Math/MathML">
            <apply>
              <times/>
              <ci> A </ci>
              <ci> R </ci>
              <ci> gammaC </ci>
            </apply>
          </math>
          <listOfParameters>
            <parameter id="gammaC" value="2"/>
          </listOfParameters>
        </kineticLaw>
      </reaction>
      <reaction metaid="metaid_0000015" id="Reaction2" reversible="false">
        <annotation>
<rdf:RDF xmlns:rdf="http://www.w3.org/1999/02/22-rdf-syntax-ns#" xmlns:bqbiol="http://biomodels.net/biology-qualifiers/" xmlns:bqmodel="http://biomodels.net/model-qualifiers/" >
<rdf:Description rdf:about="#metaid_0000015">
<bqbiol:isVersionOf>
<rdf:Bag>
<rdf:li rdf:resource="http://www.geneontology.org/#GO:0030163"/>
</rdf:Bag>
</bqbiol:isVersionOf>
</rdf:Description>
</rdf:RDF>
</annotation>

        <listOfReactants>
          <speciesReference species="A"/>
        </listOfReactants>
        <listOfProducts>
          <speciesReference species="EmptySet"/>
        </listOfProducts>
        <kineticLaw>
          <math xmlns="http://www.w3.org/1998/Math/MathML">
            <apply>
              <times/>
              <ci> A </ci>
              <ci> deltaA </ci>
            </apply>
          </math>
          <listOfParameters>
            <parameter id="deltaA" value="1"/>
          </listOfParameters>
        </kineticLaw>
      </reaction>
      <reaction metaid="metaid_0000016" id="Reaction3" reversible="false">
        <annotation>
<rdf:RDF xmlns:rdf="http://www.w3.org/1999/02/22-rdf-syntax-ns#" xmlns:bqbiol="http://biomodels.net/biology-qualifiers/" xmlns:bqmodel="http://biomodels.net/model-qualifiers/" >
<rdf:Description rdf:about="#metaid_0000016">
<bqbiol:isVersionOf>
<rdf:Bag>
<rdf:li rdf:resource="http://www.geneontology.org/#GO:0030163"/>
</rdf:Bag>
</bqbiol:isVersionOf>
</rdf:Description>
</rdf:RDF>
</annotation>

        <listOfReactants>
          <speciesReference species="C"/>
        </listOfReactants>
        <listOfProducts>
          <speciesReference species="R"/>
        </listOfProducts>
        <kineticLaw>
          <math xmlns="http://www.w3.org/1998/Math/MathML">
            <apply>
              <times/>
              <ci> C </ci>
              <ci> deltaA </ci>
            </apply>
          </math>
          <listOfParameters>
            <parameter id="deltaA" value="1"/>
          </listOfParameters>
        </kineticLaw>
      </reaction>
      <reaction metaid="metaid_0000017" id="Reaction4" reversible="false">
        <annotation>
<rdf:RDF xmlns:rdf="http://www.w3.org/1999/02/22-rdf-syntax-ns#" xmlns:bqbiol="http://biomodels.net/biology-qualifiers/" xmlns:bqmodel="http://biomodels.net/model-qualifiers/" >
<rdf:Description rdf:about="#metaid_0000017">
<bqbiol:isVersionOf>
<rdf:Bag>
<rdf:li rdf:resource="http://www.geneontology.org/#GO:0030163"/>
</rdf:Bag>
</bqbiol:isVersionOf>
</rdf:Description>
</rdf:RDF>
</annotation>

        <listOfReactants>
          <speciesReference species="R"/>
        </listOfReactants>
        <listOfProducts>
          <speciesReference species="EmptySet"/>
        </listOfProducts>
        <kineticLaw>
          <math xmlns="http://www.w3.org/1998/Math/MathML">
            <apply>
              <times/>
              <ci> R </ci>
              <ci> deltaR </ci>
            </apply>
          </math>
          <listOfParameters>
            <parameter id="deltaR" value="0.2"/>
          </listOfParameters>
        </kineticLaw>
      </reaction>
      <reaction metaid="metaid_0000018" id="Reaction5" reversible="false">
        <annotation>
<rdf:RDF xmlns:rdf="http://www.w3.org/1999/02/22-rdf-syntax-ns#" xmlns:bqbiol="http://biomodels.net/biology-qualifiers/" xmlns:bqmodel="http://biomodels.net/model-qualifiers/" >
<rdf:Description rdf:about="#metaid_0000018">
<bqbiol:isVersionOf>
<rdf:Bag>
<rdf:li rdf:resource="http://www.geneontology.org/#GO:0016563"/>
</rdf:Bag>
</bqbiol:isVersionOf>
</rdf:Description>
</rdf:RDF>
</annotation>

        <listOfReactants>
          <speciesReference species="A"/>
          <speciesReference species="DA"/>
        </listOfReactants>
        <listOfProducts>
          <speciesReference species="DAp"/>
        </listOfProducts>
        <kineticLaw>
          <math xmlns="http://www.w3.org/1998/Math/MathML">
            <apply>
              <times/>
              <ci> A </ci>
              <ci> DA </ci>
              <ci> gammaA </ci>
            </apply>
          </math>
          <listOfParameters>
            <parameter id="gammaA" value="1"/>
          </listOfParameters>
        </kineticLaw>
      </reaction>
      <reaction metaid="metaid_0000019" id="Reaction6" reversible="false">
        <listOfReactants>
          <speciesReference species="DAp"/>
        </listOfReactants>
        <listOfProducts>
          <speciesReference species="A"/>
          <speciesReference species="DA"/>
        </listOfProducts>
        <kineticLaw>
          <math xmlns="http://www.w3.org/1998/Math/MathML">
            <apply>
              <times/>
              <ci> DAp </ci>
              <ci> thetaA </ci>
            </apply>
          </math>
          <listOfParameters>
            <parameter id="thetaA" value="50"/>
          </listOfParameters>
        </kineticLaw>
      </reaction>
      <reaction metaid="metaid_0000020" id="Reaction7" reversible="false">
        <annotation>
<rdf:RDF xmlns:rdf="http://www.w3.org/1999/02/22-rdf-syntax-ns#" xmlns:bqbiol="http://biomodels.net/biology-qualifiers/" xmlns:bqmodel="http://biomodels.net/model-qualifiers/" >
<rdf:Description rdf:about="#metaid_0000020">
<bqbiol:isVersionOf>
<rdf:Bag>
<rdf:li rdf:resource="http://www.geneontology.org/#GO:0006350"/>
</rdf:Bag>
</bqbiol:isVersionOf>
</rdf:Description>
</rdf:RDF>
</annotation>

        <listOfReactants>
          <speciesReference species="DA"/>
        </listOfReactants>
        <listOfProducts>
          <speciesReference species="DA"/>
          <speciesReference species="MA"/>
        </listOfProducts>
        <kineticLaw>
          <math xmlns="http://www.w3.org/1998/Math/MathML">
            <apply>
              <times/>
              <ci> DA </ci>
              <ci> alphaA </ci>
            </apply>
          </math>
          <listOfParameters>
            <parameter id="alphaA" value="50"/>
          </listOfParameters>
        </kineticLaw>
      </reaction>
      <reaction metaid="metaid_0000021" id="Reaction8" reversible="false">
        <annotation>
<rdf:RDF xmlns:rdf="http://www.w3.org/1999/02/22-rdf-syntax-ns#" xmlns:bqbiol="http://biomodels.net/biology-qualifiers/" xmlns:bqmodel="http://biomodels.net/model-qualifiers/" >
<rdf:Description rdf:about="#metaid_0000021">
<bqbiol:isVersionOf>
<rdf:Bag>
<rdf:li rdf:resource="http://www.geneontology.org/#GO:0006350"/>
</rdf:Bag>
</bqbiol:isVersionOf>
</rdf:Description>
</rdf:RDF>
</annotation>

        <listOfReactants>
          <speciesReference species="DAp"/>
        </listOfReactants>
        <listOfProducts>
          <speciesReference species="DAp"/>
          <speciesReference species="MA"/>
        </listOfProducts>
        <kineticLaw>
          <math xmlns="http://www.w3.org/1998/Math/MathML">
            <apply>
              <times/>
              <ci> DAp </ci>
              <ci> alphaAp </ci>
            </apply>
          </math>
          <listOfParameters>
            <parameter id="alphaAp" value="500"/>
          </listOfParameters>
        </kineticLaw>
      </reaction>
      <reaction metaid="metaid_0000022" id="Reaction9" reversible="false">
        <annotation>
<rdf:RDF xmlns:rdf="http://www.w3.org/1999/02/22-rdf-syntax-ns#" xmlns:bqbiol="http://biomodels.net/biology-qualifiers/" xmlns:bqmodel="http://biomodels.net/model-qualifiers/" >
<rdf:Description rdf:about="#metaid_0000022">
<bqbiol:isVersionOf>
<rdf:Bag>
<rdf:li rdf:resource="http://www.geneontology.org/#GO:0006402"/>
</rdf:Bag>
</bqbiol:isVersionOf>
</rdf:Description>
</rdf:RDF>
</annotation>

        <listOfReactants>
          <speciesReference species="MA"/>
        </listOfReactants>
        <listOfProducts>
          <speciesReference species="EmptySet"/>
        </listOfProducts>
        <kineticLaw>
          <math xmlns="http://www.w3.org/1998/Math/MathML">
            <apply>
              <times/>
              <ci> MA </ci>
              <ci> deltaMA </ci>
            </apply>
          </math>
          <listOfParameters>
            <parameter id="deltaMA" value="10"/>
          </listOfParameters>
        </kineticLaw>
      </reaction>
      <reaction metaid="metaid_0000023" id="Reaction10" reversible="false">
        <annotation>
<rdf:RDF xmlns:rdf="http://www.w3.org/1999/02/22-rdf-syntax-ns#" xmlns:bqbiol="http://biomodels.net/biology-qualifiers/" xmlns:bqmodel="http://biomodels.net/model-qualifiers/" >
<rdf:Description rdf:about="#metaid_0000023">
<bqbiol:isVersionOf>
<rdf:Bag>
<rdf:li rdf:resource="http://www.geneontology.org/#GO:0043037"/>
</rdf:Bag>
</bqbiol:isVersionOf>
</rdf:Description>
</rdf:RDF>
</annotation>

        <listOfReactants>
          <speciesReference species="MA"/>
        </listOfReactants>
        <listOfProducts>
          <speciesReference species="A"/>
          <speciesReference species="MA"/>
        </listOfProducts>
        <kineticLaw>
          <math xmlns="http://www.w3.org/1998/Math/MathML">
            <apply>
              <times/>
              <ci> MA </ci>
              <ci> betaA </ci>
            </apply>
          </math>
          <listOfParameters>
            <parameter id="betaA" value="50"/>
          </listOfParameters>
        </kineticLaw>
      </reaction>
      <reaction metaid="metaid_0000024" id="Reaction11" reversible="false">
        <annotation>
<rdf:RDF xmlns:rdf="http://www.w3.org/1999/02/22-rdf-syntax-ns#" xmlns:bqbiol="http://biomodels.net/biology-qualifiers/" xmlns:bqmodel="http://biomodels.net/model-qualifiers/" >
<rdf:Description rdf:about="#metaid_0000024">
<bqbiol:isVersionOf>
<rdf:Bag>
<rdf:li rdf:resource="http://www.geneontology.org/#GO:0016563"/>
</rdf:Bag>
</bqbiol:isVersionOf>
</rdf:Description>
</rdf:RDF>
</annotation>

        <listOfReactants>
          <speciesReference species="A"/>
          <speciesReference species="DR"/>
        </listOfReactants>
        <listOfProducts>
          <speciesReference species="DRp"/>
        </listOfProducts>
        <kineticLaw>
          <math xmlns="http://www.w3.org/1998/Math/MathML">
            <apply>
              <times/>
              <ci> A </ci>
              <ci> DR </ci>
              <ci> gammaR </ci>
            </apply>
          </math>
          <listOfParameters>
            <parameter id="gammaR" value="1"/>
          </listOfParameters>
        </kineticLaw>
      </reaction>
      <reaction metaid="metaid_0000025" id="Reaction12" reversible="false">
        <listOfReactants>
          <speciesReference species="DRp"/>
        </listOfReactants>
        <listOfProducts>
          <speciesReference species="A"/>
          <speciesReference species="DR"/>
        </listOfProducts>
        <kineticLaw>
          <math xmlns="http://www.w3.org/1998/Math/MathML">
            <apply>
              <times/>
              <ci> DRp </ci>
              <ci> thetaR </ci>
            </apply>
          </math>
          <listOfParameters>
            <parameter id="thetaR" value="100"/>
          </listOfParameters>
        </kineticLaw>
      </reaction>
      <reaction metaid="metaid_0000026" id="Reaction13" reversible="false">
        <annotation>
<rdf:RDF xmlns:rdf="http://www.w3.org/1999/02/22-rdf-syntax-ns#" xmlns:bqbiol="http://biomodels.net/biology-qualifiers/" xmlns:bqmodel="http://biomodels.net/model-qualifiers/" >
<rdf:Description rdf:about="#metaid_0000026">
<bqbiol:isVersionOf>
<rdf:Bag>
<rdf:li rdf:resource="http://www.geneontology.org/#GO:0006350"/>
</rdf:Bag>
</bqbiol:isVersionOf>
</rdf:Description>
</rdf:RDF>
</annotation>

        <listOfReactants>
          <speciesReference species="DR"/>
        </listOfReactants>
        <listOfProducts>
          <speciesReference species="DR"/>
          <speciesReference species="MR"/>
        </listOfProducts>
        <kineticLaw>
          <math xmlns="http://www.w3.org/1998/Math/MathML">
            <apply>
              <times/>
              <ci> DR </ci>
              <ci> alphaR </ci>
            </apply>
          </math>
          <listOfParameters>
            <parameter id="alphaR" value="0.01"/>
          </listOfParameters>
        </kineticLaw>
      </reaction>
      <reaction metaid="metaid_0000027" id="Reaction14" reversible="false">
        <annotation>
<rdf:RDF xmlns:rdf="http://www.w3.org/1999/02/22-rdf-syntax-ns#" xmlns:bqbiol="http://biomodels.net/biology-qualifiers/" xmlns:bqmodel="http://biomodels.net/model-qualifiers/" >
<rdf:Description rdf:about="#metaid_0000027">
<bqbiol:isVersionOf>
<rdf:Bag>
<rdf:li rdf:resource="http://www.geneontology.org/#GO:0006350"/>
</rdf:Bag>
</bqbiol:isVersionOf>
</rdf:Description>
</rdf:RDF>
</annotation>

        <listOfReactants>
          <speciesReference species="DRp"/>
        </listOfReactants>
        <listOfProducts>
          <speciesReference species="DRp"/>
          <speciesReference species="MR"/>
        </listOfProducts>
        <kineticLaw>
          <math xmlns="http://www.w3.org/1998/Math/MathML">
            <apply>
              <times/>
              <ci> DRp </ci>
              <ci> alphaRp </ci>
            </apply>
          </math>
          <listOfParameters>
            <parameter id="alphaRp" value="50"/>
          </listOfParameters>
        </kineticLaw>
      </reaction>
      <reaction metaid="metaid_0000028" id="Reaction15" reversible="false">
        <annotation>
<rdf:RDF xmlns:rdf="http://www.w3.org/1999/02/22-rdf-syntax-ns#" xmlns:bqbiol="http://biomodels.net/biology-qualifiers/" xmlns:bqmodel="http://biomodels.net/model-qualifiers/" >
<rdf:Description rdf:about="#metaid_0000028">
<bqbiol:isVersionOf>
<rdf:Bag>
<rdf:li rdf:resource="http://www.geneontology.org/#GO:0006402"/>
</rdf:Bag>
</bqbiol:isVersionOf>
</rdf:Description>
</rdf:RDF>
</annotation>

        <listOfReactants>
          <speciesReference species="MR"/>
        </listOfReactants>
        <listOfProducts>
          <speciesReference species="EmptySet"/>
        </listOfProducts>
        <kineticLaw>
          <math xmlns="http://www.w3.org/1998/Math/MathML">
            <apply>
              <times/>
              <ci> MR </ci>
              <ci> deltaMR </ci>
            </apply>
          </math>
          <listOfParameters>
            <parameter id="deltaMR" value="0.5"/>
          </listOfParameters>
        </kineticLaw>
      </reaction>
      <reaction metaid="metaid_0000029" id="Reaction16" reversible="false">
        <annotation>
<rdf:RDF xmlns:rdf="http://www.w3.org/1999/02/22-rdf-syntax-ns#" xmlns:bqbiol="http://biomodels.net/biology-qualifiers/" xmlns:bqmodel="http://biomodels.net/model-qualifiers/" >
<rdf:Description rdf:about="#metaid_0000029">
<bqbiol:isVersionOf>
<rdf:Bag>
<rdf:li rdf:resource="http://www.geneontology.org/#GO:0043037"/>
</rdf:Bag>
</bqbiol:isVersionOf>
</rdf:Description>
</rdf:RDF>
</annotation>

        <listOfReactants>
          <speciesReference species="MR"/>
        </listOfReactants>
        <listOfProducts>
          <speciesReference species="MR"/>
          <speciesReference species="R"/>
        </listOfProducts>
        <kineticLaw>
          <math xmlns="http://www.w3.org/1998/Math/MathML">
            <apply>
              <times/>
              <ci> MR </ci>
              <ci> betaR </ci>
            </apply>
          </math>
          <listOfParameters>
            <parameter id="betaR" value="5"/>
          </listOfParameters>
        </kineticLaw>
      </reaction>
    </listOfReactions>
  </model>
</sbml>
