<?xml version="1.0" encoding="UTF-8"?>
<sbml xmlns="http://www.sbml.org/sbml/level2" metaid="metaid_000001" level="2" version="1">
  <model metaid="metaid_0000002" id="Ueda2001_CircClock">
    <notes>
      <body xmlns="http://www.w3.org/1999/xhtml">
<p>Bruce Shapiro: Generated by Cellerator Version 1.0 update 3.0303 using Mathematica 4.1 for Microsoft Windows (June 13, 2001), April 2, 2003 16:49:13, using (PC,x86, Microsoft Windows,WindowsNT,Windows)</p>
<p>Bruce Shapiro: Corrected 29 March 2005</p>
<p>Nicolas Le Nov&#xe8;re: Added Dbt and Cyc species, and the corresponding reactions. 23 April 2005</p>
</body>
    </notes>
    <annotation>
<rdf:RDF xmlns:rdf="http://www.w3.org/1999/02/22-rdf-syntax-ns#" xmlns:dc="http://purl.org/dc/elements/1.1/" xmlns:dcterms="http://purl.org/dc/terms/">
<rdf:Description rdf:about="#metaid_0000002">
<dc:relation>
<rdf:Bag>
<rdf:li rdf:resource="http://www.ebi.ac.uk/biomodels/#BIOMD0000000022"/>
<rdf:li rdf:resource="http://www.ncbi.nlm.nih.gov/PubMed/#11403560"/>
</rdf:Bag>
</dc:relation>
<dc:relation>
<rdf:Bag>
<rdf:li rdf:resource="http://www.geneontology.org/#GO:0007623"/>
<rdf:li rdf:resource="http://www.genome.jp/kegg/pathway/#dme04710"/>
<rdf:li rdf:resource="http://www.ncbi.nlm.nih.gov/Taxonomy/#7227"/>
</rdf:Bag>
</dc:relation>
</rdf:Description>
</rdf:RDF>
</annotation>

    <listOfUnitDefinitions>
      <unitDefinition metaid="metaid_0000052" id="substance" name="nanomole (default)">
        <listOfUnits>
          <unit kind="mole" scale="-9" multiplier="1" offset="0"/>
        </listOfUnits>
      </unitDefinition>
      <unitDefinition metaid="metaid_0000053" id="time" name="hour (default)">
        <listOfUnits>
          <unit kind="second" multiplier="3600" offset="0"/>
        </listOfUnits>
      </unitDefinition>
    </listOfUnitDefinitions>
    <listOfCompartments>
      <compartment metaid="metaid_0000003" id="Drosophilia" size="1"/>
      <compartment metaid="metaid_0000054" id="compartment_0000002" name="nucleus" size="1">
        <annotation>
<rdf:RDF xmlns:rdf="http://www.w3.org/1999/02/22-rdf-syntax-ns#" xmlns:dc="http://purl.org/dc/elements/1.1/" xmlns:dcterms="http://purl.org/dc/terms/">
<rdf:Description rdf:about="#metaid_0000054">
<dc:relation>
<rdf:Bag>
<rdf:li rdf:resource="http://www.geneontology.org/#GO:0005634"/>
</rdf:Bag>
</dc:relation>
</rdf:Description>
</rdf:RDF>
</annotation>

      </compartment>
      <compartment metaid="metaid_0000055" id="compartment_0000003" name="cytoplasm" size="1">
        <annotation>
<rdf:RDF xmlns:rdf="http://www.w3.org/1999/02/22-rdf-syntax-ns#" xmlns:dc="http://purl.org/dc/elements/1.1/" xmlns:dcterms="http://purl.org/dc/terms/">
<rdf:Description rdf:about="#metaid_0000055">
<dc:relation>
<rdf:Bag>
<rdf:li rdf:resource="http://www.geneontology.org/#GO:0005737"/>
</rdf:Bag>
</dc:relation>
</rdf:Description>
</rdf:RDF>
</annotation>

      </compartment>
    </listOfCompartments>
    <listOfSpecies>
      <species metaid="metaid_0000004" id="EmptySet" compartment="Drosophilia" initialAmount="0" boundaryCondition="true"/>
      <species metaid="metaid_0000005" id="CCc" name="Clk-Cyc_cyt" compartment="compartment_0000003" initialAmount="0.3">
        <annotation>
<rdf:RDF xmlns:rdf="http://www.w3.org/1999/02/22-rdf-syntax-ns#" xmlns:dc="http://purl.org/dc/elements/1.1/" xmlns:dcterms="http://purl.org/dc/terms/">
<rdf:Description rdf:about="#metaid_0000005">
<dc:relation>
<rdf:Bag>
<rdf:li rdf:resource="http://www.uniprot.org/#O61735"/>
</rdf:Bag>
</dc:relation>
</rdf:Description>
</rdf:RDF>
</annotation>

      </species>
      <species metaid="metaid_0000006" id="CCn" name="Clk-Cyc_nuc" compartment="compartment_0000002" initialAmount="0.4">
        <annotation>
<rdf:RDF xmlns:rdf="http://www.w3.org/1999/02/22-rdf-syntax-ns#" xmlns:dc="http://purl.org/dc/elements/1.1/" xmlns:dcterms="http://purl.org/dc/terms/">
<rdf:Description rdf:about="#metaid_0000006">
<dc:relation>
<rdf:Bag>
<rdf:li rdf:resource="http://www.uniprot.org/#O61735"/>
</rdf:Bag>
</dc:relation>
</rdf:Description>
</rdf:RDF>
</annotation>

      </species>
      <species metaid="metaid_0000007" id="Clkc" name="Clk_cyt" compartment="compartment_0000003" initialAmount="0.2">
        <annotation>
<rdf:RDF xmlns:rdf="http://www.w3.org/1999/02/22-rdf-syntax-ns#" xmlns:dc="http://purl.org/dc/elements/1.1/" xmlns:dcterms="http://purl.org/dc/terms/">
<rdf:Description rdf:about="#metaid_0000007">
<dc:relation>
<rdf:Bag>
<rdf:li rdf:resource="http://www.uniprot.org/#O61735"/>
</rdf:Bag>
</dc:relation>
</rdf:Description>
</rdf:RDF>
</annotation>

      </species>
      <species metaid="metaid_0000008" id="Clkm" name="Clk_mRNA" compartment="compartment_0000003" initialAmount="0.1"/>
      <species metaid="metaid_0000009" id="Perc" name="Per_cyt" compartment="compartment_0000003" initialAmount="0.6">
        <annotation>
<rdf:RDF xmlns:rdf="http://www.w3.org/1999/02/22-rdf-syntax-ns#" xmlns:dc="http://purl.org/dc/elements/1.1/" xmlns:dcterms="http://purl.org/dc/terms/">
<rdf:Description rdf:about="#metaid_0000009">
<dc:relation>
<rdf:Bag>
<rdf:li rdf:resource="http://www.uniprot.org/#P07663"/>
</rdf:Bag>
</dc:relation>
</rdf:Description>
</rdf:RDF>
</annotation>

      </species>
      <species metaid="metaid_0000010" id="Perm" name="Per_mRNA" compartment="compartment_0000003" initialAmount="0.5"/>
      <species metaid="metaid_0000011" id="PTc" name="Per-Tim_cyt" compartment="compartment_0000003" initialAmount="0.9">
        <annotation>
<rdf:RDF xmlns:rdf="http://www.w3.org/1999/02/22-rdf-syntax-ns#" xmlns:dc="http://purl.org/dc/elements/1.1/" xmlns:dcterms="http://purl.org/dc/terms/">
<rdf:Description rdf:about="#metaid_0000011">
<dc:relation>
<rdf:Bag>
<rdf:li rdf:resource="http://www.uniprot.org/#P49021"/>
<rdf:li rdf:resource="http://www.uniprot.org/#P07663"/>
</rdf:Bag>
</dc:relation>
</rdf:Description>
</rdf:RDF>
</annotation>

      </species>
      <species metaid="metaid_0000012" id="PTn" name="Per-Tim_nuc" compartment="compartment_0000002" initialAmount="1">
        <annotation>
<rdf:RDF xmlns:rdf="http://www.w3.org/1999/02/22-rdf-syntax-ns#" xmlns:dc="http://purl.org/dc/elements/1.1/" xmlns:dcterms="http://purl.org/dc/terms/">
<rdf:Description rdf:about="#metaid_0000012">
<dc:relation>
<rdf:Bag>
<rdf:li rdf:resource="http://www.uniprot.org/#P49021"/>
<rdf:li rdf:resource="http://www.uniprot.org/#P07663"/>
</rdf:Bag>
</dc:relation>
</rdf:Description>
</rdf:RDF>
</annotation>

      </species>
      <species metaid="metaid_0000013" id="Timc" name="Tim_cyt" compartment="compartment_0000003" initialAmount="0.8">
        <annotation>
<rdf:RDF xmlns:rdf="http://www.w3.org/1999/02/22-rdf-syntax-ns#" xmlns:dc="http://purl.org/dc/elements/1.1/" xmlns:dcterms="http://purl.org/dc/terms/">
<rdf:Description rdf:about="#metaid_0000013">
<dc:relation>
<rdf:Bag>
<rdf:li rdf:resource="http://www.uniprot.org/#P49021"/>
</rdf:Bag>
</dc:relation>
</rdf:Description>
</rdf:RDF>
</annotation>

      </species>
      <species metaid="metaid_0000014" id="Timm" name="Tim_mRNA" compartment="compartment_0000003" initialAmount="0.7"/>
      <species metaid="metaid_0000056" id="species_0000012" name="Cyc_cyt" compartment="compartment_0000003" initialAmount="1" boundaryCondition="true" constant="true">
        <annotation>
<rdf:RDF xmlns:rdf="http://www.w3.org/1999/02/22-rdf-syntax-ns#" xmlns:dc="http://purl.org/dc/elements/1.1/" xmlns:dcterms="http://purl.org/dc/terms/">
<rdf:Description rdf:about="#metaid_0000056">
<dc:relation>
<rdf:Bag>
<rdf:li rdf:resource="http://www.uniprot.org/#O61734"/>
</rdf:Bag>
</dc:relation>
</rdf:Description>
</rdf:RDF>
</annotation>

      </species>
      <species metaid="metaid_0000057" id="species_0000013" name="Dbt_cyt" compartment="compartment_0000003" initialAmount="1" boundaryCondition="true" constant="true">
        <annotation>
<rdf:RDF xmlns:rdf="http://www.w3.org/1999/02/22-rdf-syntax-ns#" xmlns:dc="http://purl.org/dc/elements/1.1/" xmlns:dcterms="http://purl.org/dc/terms/">
<rdf:Description rdf:about="#metaid_0000057">
<dc:relation>
<rdf:Bag>
<rdf:li rdf:resource="http://www.uniprot.org/#O76324"/>
</rdf:Bag>
</dc:relation>
</rdf:Description>
</rdf:RDF>
</annotation>

      </species>
    </listOfSpecies>
    <listOfReactions>
      <reaction metaid="metaid_0000015" id="Reaction1" name="Per transcription" reversible="false">
        <annotation>
<rdf:RDF xmlns:rdf="http://www.w3.org/1999/02/22-rdf-syntax-ns#" xmlns:dc="http://purl.org/dc/elements/1.1/" xmlns:dcterms="http://purl.org/dc/terms/">
<rdf:Description rdf:about="#metaid_0000015">
<dc:relation>
<rdf:Bag>
<rdf:li rdf:resource="http://www.geneontology.org/#GO:0009299"/>
<rdf:li rdf:resource="http://www.geneontology.org/#GO:0006355"/>
</rdf:Bag>
</dc:relation>
</rdf:Description>
</rdf:RDF>
</annotation>

        <listOfReactants>
          <speciesReference species="EmptySet"/>
        </listOfReactants>
        <listOfProducts>
          <speciesReference species="Perm"/>
        </listOfProducts>
        <listOfModifiers>
          <modifierSpeciesReference species="CCn"/>
          <modifierSpeciesReference species="PTn"/>
        </listOfModifiers>
        <kineticLaw>
          <math xmlns="http://www.w3.org/1998/Math/MathML">
            <apply>
              <times/>
              <ci> compartment_0000003 </ci>
              <apply>
                <plus/>
                <ci> c1 </ci>
                <apply>
                  <divide/>
                  <apply>
                    <times/>
                    <apply>
                      <plus/>
                      <ci> B1 </ci>
                      <apply>
                        <power/>
                        <apply>
                          <divide/>
                          <ci> CCn </ci>
                          <ci> A1 </ci>
                        </apply>
                        <ci> a </ci>
                      </apply>
                    </apply>
                    <ci> s1 </ci>
                  </apply>
                  <apply>
                    <plus/>
                    <cn type="integer"> 1 </cn>
                    <ci> B1 </ci>
                    <apply>
                      <power/>
                      <apply>
                        <divide/>
                        <ci> CCn </ci>
                        <ci> A1 </ci>
                      </apply>
                      <ci> a </ci>
                    </apply>
                    <apply>
                      <power/>
                      <apply>
                        <divide/>
                        <ci> PTn </ci>
                        <ci> r1 </ci>
                      </apply>
                      <ci> r </ci>
                    </apply>
                  </apply>
                </apply>
              </apply>
            </apply>
          </math>
          <listOfParameters>
            <parameter id="a" value="1"/>
            <parameter id="A1" value="0.45"/>
            <parameter id="B1" value="0"/>
            <parameter id="c1" name="C1" value="0"/>
            <parameter id="r1" name="R1" value="1.02"/>
            <parameter id="s1" name="S1" value="1.45"/>
            <parameter id="r" value="4"/>
          </listOfParameters>
        </kineticLaw>
      </reaction>
      <reaction metaid="metaid_0000016" id="Reaction2" name="non-specific Per mRNA degradation" reversible="false">
        <annotation>
<rdf:RDF xmlns:rdf="http://www.w3.org/1999/02/22-rdf-syntax-ns#" xmlns:dc="http://purl.org/dc/elements/1.1/" xmlns:dcterms="http://purl.org/dc/terms/">
<rdf:Description rdf:about="#metaid_0000016">
<dc:relation>
<rdf:Bag>
<rdf:li rdf:resource="http://www.geneontology.org/#GO:0006402"/>
</rdf:Bag>
</dc:relation>
</rdf:Description>
</rdf:RDF>
</annotation>

        <listOfReactants>
          <speciesReference species="Perm"/>
        </listOfReactants>
        <listOfProducts>
          <speciesReference species="EmptySet"/>
        </listOfProducts>
        <kineticLaw>
          <math xmlns="http://www.w3.org/1998/Math/MathML">
            <apply>
              <times/>
              <ci> compartment_0000003 </ci>
              <ci> D0 </ci>
              <ci> Perm </ci>
            </apply>
          </math>
          <listOfParameters>
            <parameter id="D0" value="0.012"/>
          </listOfParameters>
        </kineticLaw>
      </reaction>
      <reaction metaid="metaid_0000017" id="Reaction3" name="Tim transcription" reversible="false">
        <annotation>
<rdf:RDF xmlns:rdf="http://www.w3.org/1999/02/22-rdf-syntax-ns#" xmlns:dc="http://purl.org/dc/elements/1.1/" xmlns:dcterms="http://purl.org/dc/terms/">
<rdf:Description rdf:about="#metaid_0000017">
<dc:relation>
<rdf:Bag>
<rdf:li rdf:resource="http://www.geneontology.org/#GO:0009299"/>
<rdf:li rdf:resource="http://www.geneontology.org/#GO:0006355"/>
</rdf:Bag>
</dc:relation>
</rdf:Description>
</rdf:RDF>
</annotation>

        <listOfReactants>
          <speciesReference species="EmptySet"/>
        </listOfReactants>
        <listOfProducts>
          <speciesReference species="Timm"/>
        </listOfProducts>
        <listOfModifiers>
          <modifierSpeciesReference species="CCn"/>
          <modifierSpeciesReference species="PTn"/>
        </listOfModifiers>
        <kineticLaw>
          <math xmlns="http://www.w3.org/1998/Math/MathML">
            <apply>
              <times/>
              <ci> compartment_0000003 </ci>
              <apply>
                <plus/>
                <ci> c2 </ci>
                <apply>
                  <divide/>
                  <apply>
                    <times/>
                    <apply>
                      <plus/>
                      <ci> B2 </ci>
                      <apply>
                        <power/>
                        <apply>
                          <divide/>
                          <ci> CCn </ci>
                          <ci> A2 </ci>
                        </apply>
                        <ci> a </ci>
                      </apply>
                    </apply>
                    <ci> s3 </ci>
                  </apply>
                  <apply>
                    <plus/>
                    <cn type="integer"> 1 </cn>
                    <ci> B2 </ci>
                    <apply>
                      <power/>
                      <apply>
                        <divide/>
                        <ci> CCn </ci>
                        <ci> A2 </ci>
                      </apply>
                      <ci> a </ci>
                    </apply>
                    <apply>
                      <power/>
                      <apply>
                        <divide/>
                        <ci> PTn </ci>
                        <ci> r2 </ci>
                      </apply>
                      <ci> r </ci>
                    </apply>
                  </apply>
                </apply>
              </apply>
            </apply>
          </math>
          <listOfParameters>
            <parameter id="a" value="1"/>
            <parameter id="A2" value="0.45"/>
            <parameter id="B2" value="0"/>
            <parameter id="c2" name="C2" value="0"/>
            <parameter id="r2" name="R2" value="1.02"/>
            <parameter id="s3" name="S3" value="1.45"/>
            <parameter id="r" value="4"/>
          </listOfParameters>
        </kineticLaw>
      </reaction>
      <reaction metaid="metaid_0000018" id="Reaction4" name="non-specific Tim mRNA degradation" reversible="false">
        <annotation>
<rdf:RDF xmlns:rdf="http://www.w3.org/1999/02/22-rdf-syntax-ns#" xmlns:dc="http://purl.org/dc/elements/1.1/" xmlns:dcterms="http://purl.org/dc/terms/">
<rdf:Description rdf:about="#metaid_0000018">
<dc:relation>
<rdf:Bag>
<rdf:li rdf:resource="http://www.geneontology.org/#GO:0006402"/>
</rdf:Bag>
</dc:relation>
</rdf:Description>
</rdf:RDF>
</annotation>

        <listOfReactants>
          <speciesReference species="Timm"/>
        </listOfReactants>
        <listOfProducts>
          <speciesReference species="EmptySet"/>
        </listOfProducts>
        <kineticLaw>
          <math xmlns="http://www.w3.org/1998/Math/MathML">
            <apply>
              <times/>
              <ci> Drosophilia </ci>
              <ci> D0 </ci>
              <ci> Timm </ci>
            </apply>
          </math>
          <listOfParameters>
            <parameter id="D0" value="0.012"/>
          </listOfParameters>
        </kineticLaw>
      </reaction>
      <reaction metaid="metaid_0000019" id="Reaction5" name="Clk transcription" reversible="false">
        <annotation>
<rdf:RDF xmlns:rdf="http://www.w3.org/1999/02/22-rdf-syntax-ns#" xmlns:dc="http://purl.org/dc/elements/1.1/" xmlns:dcterms="http://purl.org/dc/terms/">
<rdf:Description rdf:about="#metaid_0000019">
<dc:relation>
<rdf:Bag>
<rdf:li rdf:resource="http://www.geneontology.org/#GO:0009299"/>
<rdf:li rdf:resource="http://www.geneontology.org/#GO:0006355"/>
</rdf:Bag>
</dc:relation>
</rdf:Description>
</rdf:RDF>
</annotation>

        <listOfReactants>
          <speciesReference species="EmptySet"/>
        </listOfReactants>
        <listOfProducts>
          <speciesReference species="Clkm"/>
        </listOfProducts>
        <listOfModifiers>
          <modifierSpeciesReference species="PTn"/>
          <modifierSpeciesReference species="CCn"/>
        </listOfModifiers>
        <kineticLaw>
          <math xmlns="http://www.w3.org/1998/Math/MathML">
            <apply>
              <times/>
              <ci> compartment_0000003 </ci>
              <apply>
                <plus/>
                <ci> c3 </ci>
                <apply>
                  <divide/>
                  <apply>
                    <times/>
                    <apply>
                      <plus/>
                      <ci> B3 </ci>
                      <apply>
                        <power/>
                        <apply>
                          <divide/>
                          <ci> PTn </ci>
                          <ci> A3 </ci>
                        </apply>
                        <ci> a </ci>
                      </apply>
                    </apply>
                    <ci> s5 </ci>
                  </apply>
                  <apply>
                    <plus/>
                    <cn type="integer"> 1 </cn>
                    <ci> B3 </ci>
                    <apply>
                      <power/>
                      <apply>
                        <divide/>
                        <ci> PTn </ci>
                        <ci> A3 </ci>
                      </apply>
                      <ci> a </ci>
                    </apply>
                    <apply>
                      <power/>
                      <apply>
                        <divide/>
                        <ci> CCn </ci>
                        <ci> r3 </ci>
                      </apply>
                      <ci> r </ci>
                    </apply>
                  </apply>
                </apply>
              </apply>
            </apply>
          </math>
          <listOfParameters>
            <parameter id="a" value="1"/>
            <parameter id="A3" value="0.8"/>
            <parameter id="B3" value="0.6"/>
            <parameter id="c3" name="C3" value="0"/>
            <parameter id="r3" name="R3" value="0.89"/>
            <parameter id="s5" name="S5" value="1.63"/>
            <parameter id="r" value="4"/>
          </listOfParameters>
        </kineticLaw>
      </reaction>
      <reaction metaid="metaid_0000020" id="Reaction6" name="non-specific Clk mRNA degradation" reversible="false">
        <annotation>
<rdf:RDF xmlns:rdf="http://www.w3.org/1999/02/22-rdf-syntax-ns#" xmlns:dc="http://purl.org/dc/elements/1.1/" xmlns:dcterms="http://purl.org/dc/terms/">
<rdf:Description rdf:about="#metaid_0000020">
<dc:relation>
<rdf:Bag>
<rdf:li rdf:resource="http://www.geneontology.org/#GO:0006402"/>
</rdf:Bag>
</dc:relation>
</rdf:Description>
</rdf:RDF>
</annotation>

        <listOfReactants>
          <speciesReference species="Clkm"/>
        </listOfReactants>
        <listOfProducts>
          <speciesReference species="EmptySet"/>
        </listOfProducts>
        <kineticLaw>
          <math xmlns="http://www.w3.org/1998/Math/MathML">
            <apply>
              <times/>
              <ci> Drosophilia </ci>
              <ci> Clkm </ci>
              <ci> D0 </ci>
            </apply>
          </math>
          <listOfParameters>
            <parameter id="D0" value="0.012"/>
          </listOfParameters>
        </kineticLaw>
      </reaction>
      <reaction metaid="metaid_0000021" id="Reaction7" name="Clk-Cyc nuclear import" reversible="false">
        <annotation>
<rdf:RDF xmlns:rdf="http://www.w3.org/1999/02/22-rdf-syntax-ns#" xmlns:dc="http://purl.org/dc/elements/1.1/" xmlns:dcterms="http://purl.org/dc/terms/">
<rdf:Description rdf:about="#metaid_0000021">
<dc:relation>
<rdf:Bag>
<rdf:li rdf:resource="http://www.geneontology.org/#GO:0006606"/>
</rdf:Bag>
</dc:relation>
</rdf:Description>
</rdf:RDF>
</annotation>

        <listOfReactants>
          <speciesReference species="CCc"/>
        </listOfReactants>
        <listOfProducts>
          <speciesReference species="CCn"/>
        </listOfProducts>
        <kineticLaw>
          <math xmlns="http://www.w3.org/1998/Math/MathML">
            <apply>
              <times/>
              <ci> compartment_0000002 </ci>
              <apply>
                <divide/>
                <apply>
                  <times/>
                  <ci> CCc </ci>
                  <ci> T3 </ci>
                </apply>
                <apply>
                  <plus/>
                  <ci> k3 </ci>
                  <ci> CCc </ci>
                </apply>
              </apply>
            </apply>
          </math>
          <listOfParameters>
            <parameter id="k3" name="K3" value="2"/>
            <parameter id="T3" value="1.63"/>
          </listOfParameters>
        </kineticLaw>
      </reaction>
      <reaction metaid="metaid_0000022" id="Reaction8" name="Clk-Cyc nuclear export" reversible="false">
        <annotation>
<rdf:RDF xmlns:rdf="http://www.w3.org/1999/02/22-rdf-syntax-ns#" xmlns:dc="http://purl.org/dc/elements/1.1/" xmlns:dcterms="http://purl.org/dc/terms/">
<rdf:Description rdf:about="#metaid_0000022">
<dc:relation>
<rdf:Bag>
<rdf:li rdf:resource="http://www.geneontology.org/#GO:0006611"/>
</rdf:Bag>
</dc:relation>
</rdf:Description>
</rdf:RDF>
</annotation>

        <listOfReactants>
          <speciesReference species="CCn"/>
        </listOfReactants>
        <listOfProducts>
          <speciesReference species="CCc"/>
        </listOfProducts>
        <kineticLaw>
          <math xmlns="http://www.w3.org/1998/Math/MathML">
            <apply>
              <times/>
              <ci> compartment_0000003 </ci>
              <apply>
                <divide/>
                <apply>
                  <times/>
                  <ci> CCn </ci>
                  <ci> T4 </ci>
                </apply>
                <apply>
                  <plus/>
                  <ci> k4 </ci>
                  <ci> CCn </ci>
                </apply>
              </apply>
            </apply>
          </math>
          <listOfParameters>
            <parameter id="k4" value="2"/>
            <parameter id="T4" value="0.52"/>
          </listOfParameters>
        </kineticLaw>
      </reaction>
      <reaction metaid="metaid_0000023" id="Reaction9" name="Per-Tim nuclear export" reversible="false">
        <annotation>
<rdf:RDF xmlns:rdf="http://www.w3.org/1999/02/22-rdf-syntax-ns#" xmlns:dc="http://purl.org/dc/elements/1.1/" xmlns:dcterms="http://purl.org/dc/terms/">
<rdf:Description rdf:about="#metaid_0000023">
<dc:relation>
<rdf:Bag>
<rdf:li rdf:resource="http://www.geneontology.org/#GO:0006611"/>
</rdf:Bag>
</dc:relation>
</rdf:Description>
</rdf:RDF>
</annotation>

        <listOfReactants>
          <speciesReference species="PTn"/>
        </listOfReactants>
        <listOfProducts>
          <speciesReference species="PTc"/>
        </listOfProducts>
        <kineticLaw>
          <math xmlns="http://www.w3.org/1998/Math/MathML">
            <apply>
              <times/>
              <ci> compartment_0000003 </ci>
              <apply>
                <divide/>
                <apply>
                  <times/>
                  <ci> PTn </ci>
                  <ci> T2 </ci>
                </apply>
                <apply>
                  <plus/>
                  <ci> k2 </ci>
                  <ci> PTn </ci>
                </apply>
              </apply>
            </apply>
          </math>
          <listOfParameters>
            <parameter id="k2" name="K2" value="2"/>
            <parameter id="T2" value="0.72"/>
          </listOfParameters>
        </kineticLaw>
      </reaction>
      <reaction metaid="metaid_0000024" id="Reaction10" name="Per-Tim nuclear import" reversible="false">
        <annotation>
<rdf:RDF xmlns:rdf="http://www.w3.org/1999/02/22-rdf-syntax-ns#" xmlns:dc="http://purl.org/dc/elements/1.1/" xmlns:dcterms="http://purl.org/dc/terms/">
<rdf:Description rdf:about="#metaid_0000024">
<dc:relation>
<rdf:Bag>
<rdf:li rdf:resource="http://www.geneontology.org/#GO:0006606"/>
</rdf:Bag>
</dc:relation>
</rdf:Description>
</rdf:RDF>
</annotation>

        <listOfReactants>
          <speciesReference species="PTc"/>
        </listOfReactants>
        <listOfProducts>
          <speciesReference species="PTn"/>
        </listOfProducts>
        <kineticLaw>
          <math xmlns="http://www.w3.org/1998/Math/MathML">
            <apply>
              <times/>
              <ci> compartment_0000002 </ci>
              <apply>
                <divide/>
                <apply>
                  <times/>
                  <ci> PTc </ci>
                  <ci> T1 </ci>
                </apply>
                <apply>
                  <plus/>
                  <ci> k1 </ci>
                  <ci> PTc </ci>
                </apply>
              </apply>
            </apply>
          </math>
          <listOfParameters>
            <parameter id="k1" name="K1" value="2"/>
            <parameter id="T1" value="1.73"/>
          </listOfParameters>
        </kineticLaw>
      </reaction>
      <reaction metaid="metaid_0000025" id="Reaction11" name="Clk Cyc equilibrium">
        <listOfReactants>
          <speciesReference species="species_0000012"/>
          <speciesReference species="Clkc"/>
        </listOfReactants>
        <listOfProducts>
          <speciesReference species="CCc"/>
        </listOfProducts>
        <kineticLaw>
          <math xmlns="http://www.w3.org/1998/Math/MathML">
            <apply>
              <times/>
              <ci> compartment_0000003 </ci>
              <apply>
                <minus/>
                <apply>
                  <times/>
                  <ci> Clkc </ci>
                  <ci> v3 </ci>
                  <ci> species_0000012 </ci>
                </apply>
                <apply>
                  <times/>
                  <ci> parameter_0000073 </ci>
                  <ci> CCc </ci>
                </apply>
              </apply>
            </apply>
          </math>
          <listOfParameters>
            <parameter id="v3" name="V3" value="1.63"/>
            <parameter id="parameter_0000073" name="V4" value="1.63"/>
          </listOfParameters>
        </kineticLaw>
      </reaction>
      <reaction metaid="metaid_0000026" id="Reaction12" name="Per Tim equilibrium">
        <listOfReactants>
          <speciesReference species="Perc"/>
          <speciesReference species="Timc"/>
        </listOfReactants>
        <listOfProducts>
          <speciesReference species="PTc"/>
        </listOfProducts>
        <kineticLaw>
          <math xmlns="http://www.w3.org/1998/Math/MathML">
            <apply>
              <times/>
              <ci> compartment_0000003 </ci>
              <apply>
                <minus/>
                <apply>
                  <times/>
                  <ci> Perc </ci>
                  <ci> Timc </ci>
                  <ci> v1 </ci>
                </apply>
                <apply>
                  <times/>
                  <ci> parameter_0000072 </ci>
                  <ci> PTc </ci>
                </apply>
              </apply>
            </apply>
          </math>
          <listOfParameters>
            <parameter id="v1" name="V1" value="1.45"/>
            <parameter id="parameter_0000072" name="V2" value="1.45"/>
          </listOfParameters>
        </kineticLaw>
      </reaction>
      <reaction metaid="metaid_0000030" id="Reaction16" name="Tim translation" reversible="false">
        <annotation>
<rdf:RDF xmlns:rdf="http://www.w3.org/1999/02/22-rdf-syntax-ns#" xmlns:dc="http://purl.org/dc/elements/1.1/" xmlns:dcterms="http://purl.org/dc/terms/">
<rdf:Description rdf:about="#metaid_0000030">
<dc:relation>
<rdf:Bag>
<rdf:li rdf:resource="http://www.geneontology.org/#GO:0043037"/>
</rdf:Bag>
</dc:relation>
</rdf:Description>
</rdf:RDF>
</annotation>

        <listOfReactants>
          <speciesReference species="EmptySet"/>
        </listOfReactants>
        <listOfProducts>
          <speciesReference species="Timc"/>
        </listOfProducts>
        <listOfModifiers>
          <modifierSpeciesReference species="Timm"/>
        </listOfModifiers>
        <kineticLaw>
          <math xmlns="http://www.w3.org/1998/Math/MathML">
            <apply>
              <times/>
              <ci> compartment_0000003 </ci>
              <ci> s4 </ci>
              <ci> Timm </ci>
            </apply>
          </math>
          <listOfParameters>
            <parameter id="s4" name="S4" value="0.48"/>
          </listOfParameters>
        </kineticLaw>
      </reaction>
      <reaction metaid="metaid_0000032" id="Reaction18" name="Clk translation" reversible="false">
        <annotation>
<rdf:RDF xmlns:rdf="http://www.w3.org/1999/02/22-rdf-syntax-ns#" xmlns:dc="http://purl.org/dc/elements/1.1/" xmlns:dcterms="http://purl.org/dc/terms/">
<rdf:Description rdf:about="#metaid_0000032">
<dc:relation>
<rdf:Bag>
<rdf:li rdf:resource="http://www.geneontology.org/#GO:0043037"/>
</rdf:Bag>
</dc:relation>
</rdf:Description>
</rdf:RDF>
</annotation>

        <listOfReactants>
          <speciesReference species="EmptySet"/>
        </listOfReactants>
        <listOfProducts>
          <speciesReference species="Clkc"/>
        </listOfProducts>
        <listOfModifiers>
          <modifierSpeciesReference species="Clkm"/>
        </listOfModifiers>
        <kineticLaw>
          <math xmlns="http://www.w3.org/1998/Math/MathML">
            <apply>
              <times/>
              <ci> compartment_0000003 </ci>
              <ci> Clkm </ci>
              <ci> s6 </ci>
            </apply>
          </math>
          <listOfParameters>
            <parameter id="s6" name="S6" value="0.47"/>
          </listOfParameters>
        </kineticLaw>
      </reaction>
      <reaction metaid="metaid_0000033" id="Reaction19" name="Per translation" reversible="false">
        <annotation>
<rdf:RDF xmlns:rdf="http://www.w3.org/1999/02/22-rdf-syntax-ns#" xmlns:dc="http://purl.org/dc/elements/1.1/" xmlns:dcterms="http://purl.org/dc/terms/">
<rdf:Description rdf:about="#metaid_0000033">
<dc:relation>
<rdf:Bag>
<rdf:li rdf:resource="http://www.geneontology.org/#GO:0043037"/>
</rdf:Bag>
</dc:relation>
</rdf:Description>
</rdf:RDF>
</annotation>

        <listOfReactants>
          <speciesReference species="EmptySet"/>
        </listOfReactants>
        <listOfProducts>
          <speciesReference species="Perc"/>
        </listOfProducts>
        <listOfModifiers>
          <modifierSpeciesReference species="Perm"/>
        </listOfModifiers>
        <kineticLaw>
          <math xmlns="http://www.w3.org/1998/Math/MathML">
            <apply>
              <times/>
              <ci> compartment_0000003 </ci>
              <ci> s2 </ci>
              <ci> Perm </ci>
            </apply>
          </math>
          <listOfParameters>
            <parameter id="s2" name="S2" value="0.48"/>
          </listOfParameters>
        </kineticLaw>
      </reaction>
      <reaction metaid="metaid_0000034" id="Reaction20" name="non-specific Per_cyt degradation" reversible="false">
        <annotation>
<rdf:RDF xmlns:rdf="http://www.w3.org/1999/02/22-rdf-syntax-ns#" xmlns:dc="http://purl.org/dc/elements/1.1/" xmlns:dcterms="http://purl.org/dc/terms/">
<rdf:Description rdf:about="#metaid_0000034">
<dc:relation>
<rdf:Bag>
<rdf:li rdf:resource="http://www.geneontology.org/#GO:0030163"/>
</rdf:Bag>
</dc:relation>
</rdf:Description>
</rdf:RDF>
</annotation>

        <listOfReactants>
          <speciesReference species="Perc"/>
        </listOfReactants>
        <listOfProducts>
          <speciesReference species="EmptySet"/>
        </listOfProducts>
        <kineticLaw>
          <math xmlns="http://www.w3.org/1998/Math/MathML">
            <apply>
              <times/>
              <ci> Drosophilia </ci>
              <ci> D0 </ci>
              <ci> Perc </ci>
            </apply>
          </math>
          <listOfParameters>
            <parameter id="D0" value="0.012"/>
          </listOfParameters>
        </kineticLaw>
      </reaction>
      <reaction metaid="metaid_0000035" id="Reaction21" name="non-specific Per-Tim_cyt degradation" reversible="false">
        <annotation>
<rdf:RDF xmlns:rdf="http://www.w3.org/1999/02/22-rdf-syntax-ns#" xmlns:dc="http://purl.org/dc/elements/1.1/" xmlns:dcterms="http://purl.org/dc/terms/">
<rdf:Description rdf:about="#metaid_0000035">
<dc:relation>
<rdf:Bag>
<rdf:li rdf:resource="http://www.geneontology.org/#GO:0030163"/>
</rdf:Bag>
</dc:relation>
</rdf:Description>
</rdf:RDF>
</annotation>

        <listOfReactants>
          <speciesReference species="PTc"/>
        </listOfReactants>
        <listOfProducts>
          <speciesReference species="EmptySet"/>
        </listOfProducts>
        <kineticLaw>
          <math xmlns="http://www.w3.org/1998/Math/MathML">
            <apply>
              <times/>
              <ci> Drosophilia </ci>
              <ci> D0 </ci>
              <ci> PTc </ci>
            </apply>
          </math>
          <listOfParameters>
            <parameter id="D0" value="0.012"/>
          </listOfParameters>
        </kineticLaw>
      </reaction>
      <reaction metaid="metaid_0000037" id="Reaction23" name="non-specific Per-Tim_nuc degradation" reversible="false">
        <annotation>
<rdf:RDF xmlns:rdf="http://www.w3.org/1999/02/22-rdf-syntax-ns#" xmlns:dc="http://purl.org/dc/elements/1.1/" xmlns:dcterms="http://purl.org/dc/terms/">
<rdf:Description rdf:about="#metaid_0000037">
<dc:relation>
<rdf:Bag>
<rdf:li rdf:resource="http://www.geneontology.org/#GO:0030163"/>
</rdf:Bag>
</dc:relation>
</rdf:Description>
</rdf:RDF>
</annotation>

        <listOfReactants>
          <speciesReference species="PTn"/>
        </listOfReactants>
        <listOfProducts>
          <speciesReference species="EmptySet"/>
        </listOfProducts>
        <kineticLaw>
          <math xmlns="http://www.w3.org/1998/Math/MathML">
            <apply>
              <times/>
              <ci> Drosophilia </ci>
              <ci> D0 </ci>
              <ci> PTn </ci>
            </apply>
          </math>
          <listOfParameters>
            <parameter id="D0" value="0.012"/>
          </listOfParameters>
        </kineticLaw>
      </reaction>
      <reaction metaid="metaid_0000038" id="Reaction24" name="non-specific Clk-Cyc_cyt degradation" reversible="false">
        <annotation>
<rdf:RDF xmlns:rdf="http://www.w3.org/1999/02/22-rdf-syntax-ns#" xmlns:dc="http://purl.org/dc/elements/1.1/" xmlns:dcterms="http://purl.org/dc/terms/">
<rdf:Description rdf:about="#metaid_0000038">
<dc:relation>
<rdf:Bag>
<rdf:li rdf:resource="http://www.geneontology.org/#GO:0030163"/>
</rdf:Bag>
</dc:relation>
</rdf:Description>
</rdf:RDF>
</annotation>

        <listOfReactants>
          <speciesReference species="CCc"/>
        </listOfReactants>
        <listOfProducts>
          <speciesReference species="EmptySet"/>
        </listOfProducts>
        <kineticLaw>
          <math xmlns="http://www.w3.org/1998/Math/MathML">
            <apply>
              <times/>
              <ci> Drosophilia </ci>
              <ci> CCc </ci>
              <ci> D0 </ci>
            </apply>
          </math>
          <listOfParameters>
            <parameter id="D0" value="0.012"/>
          </listOfParameters>
        </kineticLaw>
      </reaction>
      <reaction metaid="metaid_0000039" id="Reaction25" name="non-specific Clk_cyt degradation" reversible="false">
        <annotation>
<rdf:RDF xmlns:rdf="http://www.w3.org/1999/02/22-rdf-syntax-ns#" xmlns:dc="http://purl.org/dc/elements/1.1/" xmlns:dcterms="http://purl.org/dc/terms/">
<rdf:Description rdf:about="#metaid_0000039">
<dc:relation>
<rdf:Bag>
<rdf:li rdf:resource="http://www.geneontology.org/#GO:0030163"/>
</rdf:Bag>
</dc:relation>
</rdf:Description>
</rdf:RDF>
</annotation>

        <listOfReactants>
          <speciesReference species="Clkc"/>
        </listOfReactants>
        <listOfProducts>
          <speciesReference species="EmptySet"/>
        </listOfProducts>
        <kineticLaw>
          <math xmlns="http://www.w3.org/1998/Math/MathML">
            <apply>
              <times/>
              <ci> Drosophilia </ci>
              <ci> Clkc </ci>
              <ci> D0 </ci>
            </apply>
          </math>
          <listOfParameters>
            <parameter id="D0" value="0.012"/>
          </listOfParameters>
        </kineticLaw>
      </reaction>
      <reaction metaid="metaid_0000040" id="Reaction26" name="non-specific Clk-Cyc_nuc degradation" reversible="false">
        <annotation>
<rdf:RDF xmlns:rdf="http://www.w3.org/1999/02/22-rdf-syntax-ns#" xmlns:dc="http://purl.org/dc/elements/1.1/" xmlns:dcterms="http://purl.org/dc/terms/">
<rdf:Description rdf:about="#metaid_0000040">
<dc:relation>
<rdf:Bag>
<rdf:li rdf:resource="http://www.geneontology.org/#GO:0030163"/>
</rdf:Bag>
</dc:relation>
</rdf:Description>
</rdf:RDF>
</annotation>

        <listOfReactants>
          <speciesReference species="CCn"/>
        </listOfReactants>
        <listOfProducts>
          <speciesReference species="EmptySet"/>
        </listOfProducts>
        <kineticLaw>
          <math xmlns="http://www.w3.org/1998/Math/MathML">
            <apply>
              <times/>
              <ci> Drosophilia </ci>
              <ci> CCn </ci>
              <ci> D0 </ci>
            </apply>
          </math>
          <listOfParameters>
            <parameter id="D0" value="0.012"/>
          </listOfParameters>
        </kineticLaw>
      </reaction>
      <reaction metaid="metaid_0000041" id="Reaction27" name="non-specific Tim_cyt degradation" reversible="false">
        <annotation>
<rdf:RDF xmlns:rdf="http://www.w3.org/1999/02/22-rdf-syntax-ns#" xmlns:dc="http://purl.org/dc/elements/1.1/" xmlns:dcterms="http://purl.org/dc/terms/">
<rdf:Description rdf:about="#metaid_0000041">
<dc:relation>
<rdf:Bag>
<rdf:li rdf:resource="http://www.geneontology.org/#GO:0030163"/>
</rdf:Bag>
</dc:relation>
</rdf:Description>
</rdf:RDF>
</annotation>

        <listOfReactants>
          <speciesReference species="Timc"/>
        </listOfReactants>
        <listOfProducts>
          <speciesReference species="EmptySet"/>
        </listOfProducts>
        <kineticLaw>
          <math xmlns="http://www.w3.org/1998/Math/MathML">
            <apply>
              <times/>
              <ci> Drosophilia </ci>
              <ci> D0 </ci>
              <ci> Timc </ci>
            </apply>
          </math>
          <listOfParameters>
            <parameter id="D0" value="0.012"/>
          </listOfParameters>
        </kineticLaw>
      </reaction>
      <reaction metaid="metaid_0000042" id="Reaction28" name="Per mRNA degradation" reversible="false">
        <annotation>
<rdf:RDF xmlns:rdf="http://www.w3.org/1999/02/22-rdf-syntax-ns#" xmlns:dc="http://purl.org/dc/elements/1.1/" xmlns:dcterms="http://purl.org/dc/terms/">
<rdf:Description rdf:about="#metaid_0000042">
<dc:relation>
<rdf:Bag>
<rdf:li rdf:resource="http://www.geneontology.org/#GO:0006402"/>
</rdf:Bag>
</dc:relation>
</rdf:Description>
</rdf:RDF>
</annotation>

        <listOfReactants>
          <speciesReference species="Perm"/>
        </listOfReactants>
        <listOfProducts>
          <speciesReference species="EmptySet"/>
        </listOfProducts>
        <kineticLaw>
          <math xmlns="http://www.w3.org/1998/Math/MathML">
            <apply>
              <times/>
              <ci> Drosophilia </ci>
              <apply>
                <divide/>
                <apply>
                  <times/>
                  <ci> D1 </ci>
                  <ci> Perm </ci>
                </apply>
                <apply>
                  <plus/>
                  <ci> L1 </ci>
                  <ci> Perm </ci>
                </apply>
              </apply>
            </apply>
          </math>
          <listOfParameters>
            <parameter id="D1" value="0.94"/>
            <parameter id="L1" value="0.3"/>
          </listOfParameters>
        </kineticLaw>
      </reaction>
      <reaction metaid="metaid_0000043" id="Reaction29" name="Dbt regulated Per_cyt degradation" reversible="false">
        <annotation>
<rdf:RDF xmlns:rdf="http://www.w3.org/1999/02/22-rdf-syntax-ns#" xmlns:dc="http://purl.org/dc/elements/1.1/" xmlns:dcterms="http://purl.org/dc/terms/">
<rdf:Description rdf:about="#metaid_0000043">
<dc:relation>
<rdf:Bag>
<rdf:li rdf:resource="http://www.geneontology.org/#GO:0030163"/>
</rdf:Bag>
</dc:relation>
</rdf:Description>
</rdf:RDF>
</annotation>

        <listOfReactants>
          <speciesReference species="Perc"/>
        </listOfReactants>
        <listOfProducts>
          <speciesReference species="EmptySet"/>
        </listOfProducts>
        <listOfModifiers>
          <modifierSpeciesReference species="species_0000013"/>
        </listOfModifiers>
        <kineticLaw>
          <math xmlns="http://www.w3.org/1998/Math/MathML">
            <apply>
              <times/>
              <ci> Drosophilia </ci>
              <apply>
                <divide/>
                <apply>
                  <times/>
                  <ci> D2 </ci>
                  <ci> species_0000013 </ci>
                  <ci> Perc </ci>
                </apply>
                <apply>
                  <plus/>
                  <ci> L2 </ci>
                  <ci> Perc </ci>
                </apply>
              </apply>
            </apply>
          </math>
          <listOfParameters>
            <parameter id="D2" value="0.44"/>
            <parameter id="L2" value="0.2"/>
          </listOfParameters>
        </kineticLaw>
      </reaction>
      <reaction metaid="metaid_0000044" id="Reaction30" name="Tim mRNA degradation" reversible="false">
        <annotation>
<rdf:RDF xmlns:rdf="http://www.w3.org/1999/02/22-rdf-syntax-ns#" xmlns:dc="http://purl.org/dc/elements/1.1/" xmlns:dcterms="http://purl.org/dc/terms/">
<rdf:Description rdf:about="#metaid_0000044">
<dc:relation>
<rdf:Bag>
<rdf:li rdf:resource="http://www.geneontology.org/#GO:0006402"/>
</rdf:Bag>
</dc:relation>
</rdf:Description>
</rdf:RDF>
</annotation>

        <listOfReactants>
          <speciesReference species="Timm"/>
        </listOfReactants>
        <listOfProducts>
          <speciesReference species="EmptySet"/>
        </listOfProducts>
        <kineticLaw>
          <math xmlns="http://www.w3.org/1998/Math/MathML">
            <apply>
              <times/>
              <ci> Drosophilia </ci>
              <apply>
                <divide/>
                <apply>
                  <times/>
                  <ci> D3 </ci>
                  <ci> Timm </ci>
                </apply>
                <apply>
                  <plus/>
                  <ci> L3 </ci>
                  <ci> Timm </ci>
                </apply>
              </apply>
            </apply>
          </math>
          <listOfParameters>
            <parameter id="D3" value="0.94"/>
            <parameter id="L3" value="0.3"/>
          </listOfParameters>
        </kineticLaw>
      </reaction>
      <reaction metaid="metaid_0000045" id="Reaction31" name="Tim_cyt degradation" reversible="false">
        <annotation>
<rdf:RDF xmlns:rdf="http://www.w3.org/1999/02/22-rdf-syntax-ns#" xmlns:dc="http://purl.org/dc/elements/1.1/" xmlns:dcterms="http://purl.org/dc/terms/">
<rdf:Description rdf:about="#metaid_0000045">
<dc:relation>
<rdf:Bag>
<rdf:li rdf:resource="http://www.geneontology.org/#GO:0030163"/>
</rdf:Bag>
</dc:relation>
</rdf:Description>
</rdf:RDF>
</annotation>

        <listOfReactants>
          <speciesReference species="Timc"/>
        </listOfReactants>
        <listOfProducts>
          <speciesReference species="EmptySet"/>
        </listOfProducts>
        <kineticLaw>
          <math xmlns="http://www.w3.org/1998/Math/MathML">
            <apply>
              <times/>
              <ci> Drosophilia </ci>
              <apply>
                <divide/>
                <apply>
                  <times/>
                  <ci> D4 </ci>
                  <ci> Timc </ci>
                </apply>
                <apply>
                  <plus/>
                  <ci> L4 </ci>
                  <ci> Timc </ci>
                </apply>
              </apply>
            </apply>
          </math>
          <listOfParameters>
            <parameter id="D4" value="0.44"/>
            <parameter id="L4" value="0.2"/>
          </listOfParameters>
        </kineticLaw>
      </reaction>
      <reaction metaid="metaid_0000046" id="Reaction32" name="Per-Tim_cyt degradation" reversible="false">
        <annotation>
<rdf:RDF xmlns:rdf="http://www.w3.org/1999/02/22-rdf-syntax-ns#" xmlns:dc="http://purl.org/dc/elements/1.1/" xmlns:dcterms="http://purl.org/dc/terms/">
<rdf:Description rdf:about="#metaid_0000046">
<dc:relation>
<rdf:Bag>
<rdf:li rdf:resource="http://www.geneontology.org/#GO:0030163"/>
</rdf:Bag>
</dc:relation>
</rdf:Description>
</rdf:RDF>
</annotation>

        <listOfReactants>
          <speciesReference species="PTc"/>
        </listOfReactants>
        <listOfProducts>
          <speciesReference species="EmptySet"/>
        </listOfProducts>
        <kineticLaw>
          <math xmlns="http://www.w3.org/1998/Math/MathML">
            <apply>
              <times/>
              <ci> Drosophilia </ci>
              <apply>
                <divide/>
                <apply>
                  <times/>
                  <ci> D5 </ci>
                  <ci> PTc </ci>
                </apply>
                <apply>
                  <plus/>
                  <ci> L5 </ci>
                  <ci> PTc </ci>
                </apply>
              </apply>
            </apply>
          </math>
          <listOfParameters>
            <parameter id="D5" value="0.44"/>
            <parameter id="L5" value="0.2"/>
          </listOfParameters>
        </kineticLaw>
      </reaction>
      <reaction metaid="metaid_0000047" id="Reaction33" name="Per-Tim_nuc degradation" reversible="false">
        <annotation>
<rdf:RDF xmlns:rdf="http://www.w3.org/1999/02/22-rdf-syntax-ns#" xmlns:dc="http://purl.org/dc/elements/1.1/" xmlns:dcterms="http://purl.org/dc/terms/">
<rdf:Description rdf:about="#metaid_0000047">
<dc:relation>
<rdf:Bag>
<rdf:li rdf:resource="http://www.geneontology.org/#GO:0030163"/>
</rdf:Bag>
</dc:relation>
</rdf:Description>
</rdf:RDF>
</annotation>

        <listOfReactants>
          <speciesReference species="PTn"/>
        </listOfReactants>
        <listOfProducts>
          <speciesReference species="EmptySet"/>
        </listOfProducts>
        <kineticLaw>
          <math xmlns="http://www.w3.org/1998/Math/MathML">
            <apply>
              <times/>
              <ci> Drosophilia </ci>
              <apply>
                <divide/>
                <apply>
                  <times/>
                  <ci> D6 </ci>
                  <ci> PTn </ci>
                </apply>
                <apply>
                  <plus/>
                  <ci> L6 </ci>
                  <ci> PTn </ci>
                </apply>
              </apply>
            </apply>
          </math>
          <listOfParameters>
            <parameter id="D6" value="0.29"/>
            <parameter id="L6" value="0.2"/>
          </listOfParameters>
        </kineticLaw>
      </reaction>
      <reaction metaid="metaid_0000048" id="Reaction34" name="Clk mRNA degradation" reversible="false">
        <annotation>
<rdf:RDF xmlns:rdf="http://www.w3.org/1999/02/22-rdf-syntax-ns#" xmlns:dc="http://purl.org/dc/elements/1.1/" xmlns:dcterms="http://purl.org/dc/terms/">
<rdf:Description rdf:about="#metaid_0000048">
<dc:relation>
<rdf:Bag>
<rdf:li rdf:resource="http://www.geneontology.org/#GO:0006402"/>
</rdf:Bag>
</dc:relation>
</rdf:Description>
</rdf:RDF>
</annotation>

        <listOfReactants>
          <speciesReference species="Clkm"/>
        </listOfReactants>
        <listOfProducts>
          <speciesReference species="EmptySet"/>
        </listOfProducts>
        <kineticLaw>
          <math xmlns="http://www.w3.org/1998/Math/MathML">
            <apply>
              <times/>
              <ci> Drosophilia </ci>
              <apply>
                <divide/>
                <apply>
                  <times/>
                  <ci> Clkm </ci>
                  <ci> D7 </ci>
                </apply>
                <apply>
                  <plus/>
                  <ci> Clkm </ci>
                  <ci> L7 </ci>
                </apply>
              </apply>
            </apply>
          </math>
          <listOfParameters>
            <parameter id="D7" value="0.54"/>
            <parameter id="L7" value="0.13"/>
          </listOfParameters>
        </kineticLaw>
      </reaction>
      <reaction metaid="metaid_0000049" id="Reaction35" name="Clk_cyt degradation" reversible="false">
        <annotation>
<rdf:RDF xmlns:rdf="http://www.w3.org/1999/02/22-rdf-syntax-ns#" xmlns:dc="http://purl.org/dc/elements/1.1/" xmlns:dcterms="http://purl.org/dc/terms/">
<rdf:Description rdf:about="#metaid_0000049">
<dc:relation>
<rdf:Bag>
<rdf:li rdf:resource="http://www.geneontology.org/#GO:0030163"/>
</rdf:Bag>
</dc:relation>
</rdf:Description>
</rdf:RDF>
</annotation>

        <listOfReactants>
          <speciesReference species="Clkc"/>
        </listOfReactants>
        <listOfProducts>
          <speciesReference species="EmptySet"/>
        </listOfProducts>
        <kineticLaw>
          <math xmlns="http://www.w3.org/1998/Math/MathML">
            <apply>
              <times/>
              <ci> Drosophilia </ci>
              <apply>
                <divide/>
                <apply>
                  <times/>
                  <ci> Clkc </ci>
                  <ci> D8 </ci>
                </apply>
                <apply>
                  <plus/>
                  <ci> Clkc </ci>
                  <ci> L8 </ci>
                </apply>
              </apply>
            </apply>
          </math>
          <listOfParameters>
            <parameter id="D8" value="0.6"/>
            <parameter id="L8" value="0.2"/>
          </listOfParameters>
        </kineticLaw>
      </reaction>
      <reaction metaid="metaid_0000050" id="Reaction36" name="Clk-Cyc_cyt degradation" reversible="false">
        <annotation>
<rdf:RDF xmlns:rdf="http://www.w3.org/1999/02/22-rdf-syntax-ns#" xmlns:dc="http://purl.org/dc/elements/1.1/" xmlns:dcterms="http://purl.org/dc/terms/">
<rdf:Description rdf:about="#metaid_0000050">
<dc:relation>
<rdf:Bag>
<rdf:li rdf:resource="http://www.geneontology.org/#GO:0030163"/>
</rdf:Bag>
</dc:relation>
</rdf:Description>
</rdf:RDF>
</annotation>

        <listOfReactants>
          <speciesReference species="CCc"/>
        </listOfReactants>
        <listOfProducts>
          <speciesReference species="EmptySet"/>
        </listOfProducts>
        <kineticLaw>
          <math xmlns="http://www.w3.org/1998/Math/MathML">
            <apply>
              <times/>
              <ci> Drosophilia </ci>
              <apply>
                <divide/>
                <apply>
                  <times/>
                  <ci> CCc </ci>
                  <ci> D9 </ci>
                </apply>
                <apply>
                  <plus/>
                  <ci> CCc </ci>
                  <ci> L9 </ci>
                </apply>
              </apply>
            </apply>
          </math>
          <listOfParameters>
            <parameter id="D9" value="0.6"/>
            <parameter id="L9" value="0.2"/>
          </listOfParameters>
        </kineticLaw>
      </reaction>
      <reaction metaid="metaid_0000051" id="Reaction37" reversible="false">
        <annotation>
<rdf:RDF xmlns:rdf="http://www.w3.org/1999/02/22-rdf-syntax-ns#" xmlns:dc="http://purl.org/dc/elements/1.1/" xmlns:dcterms="http://purl.org/dc/terms/">
<rdf:Description rdf:about="#metaid_0000051">
<dc:relation>
<rdf:Bag>
<rdf:li rdf:resource="http://www.geneontology.org/#GO:0030163"/>
</rdf:Bag>
</dc:relation>
</rdf:Description>
</rdf:RDF>
</annotation>

        <listOfReactants>
          <speciesReference species="CCn"/>
        </listOfReactants>
        <listOfProducts>
          <speciesReference species="EmptySet"/>
        </listOfProducts>
        <kineticLaw>
          <math xmlns="http://www.w3.org/1998/Math/MathML">
            <apply>
              <times/>
              <ci> Drosophilia </ci>
              <apply>
                <divide/>
                <apply>
                  <times/>
                  <ci> CCn </ci>
                  <ci> D10 </ci>
                </apply>
                <apply>
                  <plus/>
                  <ci> CCn </ci>
                  <ci> L10 </ci>
                </apply>
              </apply>
            </apply>
          </math>
          <listOfParameters>
            <parameter id="D10" value="0.3"/>
            <parameter id="L10" value="0.2"/>
          </listOfParameters>
        </kineticLaw>
      </reaction>
    </listOfReactions>
  </model>
</sbml>
