<?xml version="1.0" encoding="UTF-8"?>
<sbml level="2" metaid="metaid_0000001" version="1" xmlns="http://www.sbml.org/sbml/level2">
  <annotation>
<rdf:RDF xmlns:dc="http://purl.org/dc/elements/1.1/" xmlns:dcterms="http://purl.org/dc/terms/" xmlns:rdf="http://www.w3.org/1999/02/22-rdf-syntax-ns#" xmlns:vCard="http://www.w3.org/2001/vcard-rdf/3.0#">
<rdf:Description rdf:about="#metaid_0000001">
<dc:contributor rdf:parseType="Resource">
<vCard:N rdf:parseType="Resource">
<vCard:Family>Shapiro</vCard:Family>
<vCard:Given>Bruce</vCard:Given>
</vCard:N>
<vCard:EMAIL>bshapiro@jpl.nasa.gov</vCard:EMAIL>
<vCard:ORG>
<vCard:Orgname>Jet Propulsion Laboratory</vCard:Orgname>
</vCard:ORG>
</dc:contributor>
<dcterms:created rdf:parseType="Resource">
<dcterms:W3CDTF>2005-04-04T11:34:31</dcterms:W3CDTF>
</dcterms:created>
<dcterms:modified rdf:parseType="Resource">
<dcterms:W3CDTF>2005-06-29T11:32:23</dcterms:W3CDTF>
</dcterms:modified>
</rdf:Description>
</rdf:RDF>
</annotation>
<model id="Leloup1999_CircClock_periodic" metaid="metaid_0000002" name="Leloup1999_CircClock">
 <annotation>
<rdf:RDF xmlns:dc="http://purl.org/dc/elements/1.1/" xmlns:dcterms="http://purl.org/dc/terms/" xmlns:rdf="http://www.w3.org/1999/02/22-rdf-syntax-ns#" xmlns:vCard="http://www.w3.org/2001/vcard-rdf/3.0#">
<rdf:Description rdf:about="#metaid_0000002">
<dc:relation>
<rdf:Bag>
<rdf:li rdf:resource="http://www.ebi.ac.uk/biomodels/#BIOMD0000000021"/>

<rdf:li rdf:resource="http://www.geneontology.org/#GO:0007623"/>
<rdf:li rdf:resource="http://www.genome.jp/kegg/pathway/#dme04710"/>
<rdf:li rdf:resource="http://www.ncbi.nlm.nih.gov/Taxonomy/#7227"/>



<rdf:li rdf:resource="http://www.ncbi.nlm.nih.gov/PubMed/#10366496"/>
</rdf:Bag>
</dc:relation>


<dc:creator rdf:parseType="Resource">
<rdf:Bag>
<rdf:li rdf:parseType="Resource">
<vCard:N rdf:parseType="Resource">
<vCard:Family>Shapiro</vCard:Family>
<vCard:Given>Bruce</vCard:Given>
</vCard:N>
<vCard:EMAIL>bshapiro@jpl.nasa.gov</vCard:EMAIL>
<vCard:ORG>
<vCard:Orgname>Jet Propulsion Laboratory</vCard:Orgname>
</vCard:ORG>
</rdf:li>
<rdf:li rdf:parseType="Resource">
<vCard:N rdf:parseType="Resource">
<vCard:Family>Le Novère</vCard:Family>
<vCard:Given>Nicolas</vCard:Given>
</vCard:N>
<vCard:EMAIL>lenov@ebi.ac.uk</vCard:EMAIL>
<vCard:ORG>
<vCard:Orgname>EMBL-EBI</vCard:Orgname>
</vCard:ORG>
</rdf:li>
</rdf:Bag>
</dc:creator>
<dcterms:created rdf:parseType="Resource">
<dcterms:W3CDTF>2005-06-29T11:27:52</dcterms:W3CDTF>
</dcterms:created>
<dcterms:modified rdf:parseType="Resource">
<dcterms:W3CDTF>2005-06-29T11:27:52</dcterms:W3CDTF>
</dcterms:modified>
</rdf:Description>
</rdf:RDF>
</annotation>
<listOfUnitDefinitions>
   <unitDefinition id="substance" metaid="metaid_0000003" name="nanomole (default)">
      <listOfUnits>
         <unit kind="mole" scale="-9"/>
      </listOfUnits>
   </unitDefinition>
   
   <unitDefinition id="time" metaid="metaid_0000005" name="hour (default)">
      <listOfUnits>
         <unit kind="second" multiplier="3600"/>
      </listOfUnits>
   </unitDefinition>
      
      
  </listOfUnitDefinitions>
   <listOfCompartments>
       <compartment id="Cell" metaid="metaid_0000012" name="cytoplasm" size="1">
      
      <annotation>
<rdf:RDF xmlns:dc="http://purl.org/dc/elements/1.1/" xmlns:dcterms="http://purl.org/dc/terms/" xmlns:rdf="http://www.w3.org/1999/02/22-rdf-syntax-ns#" xmlns:vCard="http://www.w3.org/2001/vcard-rdf/3.0#">
<rdf:Description rdf:about="#metaid_0000012">
<dc:relation>
<rdf:Bag>
<rdf:li rdf:resource="http://www.geneontology.org/#GO:0005737"/>
</rdf:Bag>
</dc:relation>
</rdf:Description>
</rdf:RDF>
</annotation>
</compartment>
    <compartment id="compartment_0000002" metaid="metaid_0000049" name="nucleus" size="1" spatialDimensions="2">
<annotation>
<rdf:RDF xmlns:dc="http://purl.org/dc/elements/1.1/" xmlns:dcterms="http://purl.org/dc/terms/" xmlns:rdf="http://www.w3.org/1999/02/22-rdf-syntax-ns#" xmlns:vCard="http://www.w3.org/2001/vcard-rdf/3.0#">
<rdf:Description rdf:about="#metaid_0000049">
<dc:relation>
<rdf:Bag>
<rdf:li rdf:resource="http://www.geneontology.org/#GO:0005634"/>
</rdf:Bag>
</dc:relation>
</rdf:Description>
</rdf:RDF>
</annotation>
</compartment>
</listOfCompartments>
    <listOfSpecies>
      <species compartment="Cell" id="P0" initialConcentration="0" metaid="metaid_0000013" name="PER Protein (unphosphorylated)">
<annotation>
<rdf:RDF xmlns:dc="http://purl.org/dc/elements/1.1/" xmlns:dcterms="http://purl.org/dc/terms/" xmlns:rdf="http://www.w3.org/1999/02/22-rdf-syntax-ns#" xmlns:vCard="http://www.w3.org/2001/vcard-rdf/3.0#">
<rdf:Description rdf:about="#metaid_0000013">
<dc:relation>
<rdf:Bag>
<rdf:li rdf:resource="http://www.uniprot.org/#P07663"/>
</rdf:Bag>
</dc:relation>
</rdf:Description>
</rdf:RDF>
</annotation>
</species>
      <species compartment="Cell" id="T0" initialConcentration="0" metaid="metaid_0000014" name="TIM Protein (unphosphorylated)">
<annotation>
<rdf:RDF xmlns:dc="http://purl.org/dc/elements/1.1/" xmlns:dcterms="http://purl.org/dc/terms/" xmlns:rdf="http://www.w3.org/1999/02/22-rdf-syntax-ns#" xmlns:vCard="http://www.w3.org/2001/vcard-rdf/3.0#">
<rdf:Description rdf:about="#metaid_0000014">
<dc:relation>
<rdf:Bag>
<rdf:li rdf:resource="http://www.uniprot.org/#P49021"/>
</rdf:Bag>
</dc:relation>
</rdf:Description>
</rdf:RDF>
</annotation>
</species>
      <species compartment="Cell" id="P1" initialConcentration="0" metaid="metaid_0000015" name="PER Protein (mono-phosphorylated)">
<annotation>
<rdf:RDF xmlns:dc="http://purl.org/dc/elements/1.1/" xmlns:dcterms="http://purl.org/dc/terms/" xmlns:rdf="http://www.w3.org/1999/02/22-rdf-syntax-ns#" xmlns:vCard="http://www.w3.org/2001/vcard-rdf/3.0#">
<rdf:Description rdf:about="#metaid_0000015">
<dc:relation>
<rdf:Bag>
<rdf:li rdf:resource="http://www.uniprot.org/#P07663"/>
</rdf:Bag>
</dc:relation>
</rdf:Description>
</rdf:RDF>
</annotation>
</species>
      <species compartment="Cell" id="T1" initialConcentration="0" metaid="metaid_0000016" name="TIM Protein (mono-phosphorylated)">
<annotation>
<rdf:RDF xmlns:dc="http://purl.org/dc/elements/1.1/" xmlns:dcterms="http://purl.org/dc/terms/" xmlns:rdf="http://www.w3.org/1999/02/22-rdf-syntax-ns#" xmlns:vCard="http://www.w3.org/2001/vcard-rdf/3.0#">
<rdf:Description rdf:about="#metaid_0000016">
<dc:relation>
<rdf:Bag>
<rdf:li rdf:resource="http://www.uniprot.org/#P49021"/>
</rdf:Bag>
</dc:relation>
</rdf:Description>
</rdf:RDF>
</annotation>
</species>
      <species compartment="Cell" id="P2" initialConcentration="0" metaid="metaid_0000017" name="PER Protein (bi-phosphorylated)">
<annotation>
<rdf:RDF xmlns:dc="http://purl.org/dc/elements/1.1/" xmlns:dcterms="http://purl.org/dc/terms/" xmlns:rdf="http://www.w3.org/1999/02/22-rdf-syntax-ns#" xmlns:vCard="http://www.w3.org/2001/vcard-rdf/3.0#">
<rdf:Description rdf:about="#metaid_0000017">
<dc:relation>
<rdf:Bag>
<rdf:li rdf:resource="http://www.uniprot.org/#P07663"/>
</rdf:Bag>
</dc:relation>
</rdf:Description>
</rdf:RDF>
</annotation>
</species>
      <species compartment="Cell" id="T2" initialConcentration="0" metaid="metaid_0000018" name="TIM Protein (bi-phosphorylated) ">
<annotation>
<rdf:RDF xmlns:dc="http://purl.org/dc/elements/1.1/" xmlns:dcterms="http://purl.org/dc/terms/" xmlns:rdf="http://www.w3.org/1999/02/22-rdf-syntax-ns#" xmlns:vCard="http://www.w3.org/2001/vcard-rdf/3.0#">
<rdf:Description rdf:about="#metaid_0000018">
<dc:relation>
<rdf:Bag>
<rdf:li rdf:resource="http://www.uniprot.org/#P49021"/>
</rdf:Bag>
</dc:relation>
</rdf:Description>
</rdf:RDF>
</annotation>
</species>
      <species compartment="Cell" id="CC" initialConcentration="0" metaid="metaid_0000019" name="Cytosolic PER-TIM Complex">
<annotation>
<rdf:RDF xmlns:dc="http://purl.org/dc/elements/1.1/" xmlns:dcterms="http://purl.org/dc/terms/" xmlns:rdf="http://www.w3.org/1999/02/22-rdf-syntax-ns#" xmlns:vCard="http://www.w3.org/2001/vcard-rdf/3.0#">
<rdf:Description rdf:about="#metaid_0000019">
<dc:relation>
<rdf:Bag>
<rdf:li rdf:resource="http://www.uniprot.org/#P07663"/>
<rdf:li rdf:resource="http://www.uniprot.org/#P49021"/>
</rdf:Bag>
</dc:relation>
</rdf:Description>
</rdf:RDF>
</annotation>
</species>
      <species compartment="compartment_0000002" id="Cn" initialConcentration="0" metaid="metaid_0000020" name="Nuclear PER-TIM Complex">
<annotation>
<rdf:RDF xmlns:dc="http://purl.org/dc/elements/1.1/" xmlns:dcterms="http://purl.org/dc/terms/" xmlns:rdf="http://www.w3.org/1999/02/22-rdf-syntax-ns#" xmlns:vCard="http://www.w3.org/2001/vcard-rdf/3.0#">
<rdf:Description rdf:about="#metaid_0000020">
<dc:relation>
<rdf:Bag>
<rdf:li rdf:resource="http://www.uniprot.org/#P07663"/>
<rdf:li rdf:resource="http://www.uniprot.org/#P49021"/>
</rdf:Bag>
</dc:relation>
</rdf:Description>
</rdf:RDF>
</annotation>
</species>
      <species compartment="Cell" id="Mp" initialConcentration="0" metaid="metaid_0000021" name="PER mRNA"/>
      <species compartment="Cell" id="Mt" initialConcentration="0" metaid="metaid_0000022" name="TIM mRNA"/>
    </listOfSpecies>
  <listOfParameters>
      <parameter constant="false" id="Pt" metaid="metaid_0000008" name="Total Per"/>
      <parameter constant="false" id="Tt" metaid="metaid_0000009" name="Total Tim"/>
      <parameter id="V_mT" metaid="metaid_0000010" value="0.7">
        <notes>
         <body xmlns="http://www.w3.org/1999/xhtml">
           <p>V_mT=.7 (physiological oscillations); 0.28 (chaos); .4 or .99 (biorhythmicity example)</p>
         </body>
         </notes>
			</parameter>
      <parameter id="V_dT" metaid="metaid_0000011" value="2">
      <notes>
         <body xmlns="http://www.w3.org/1999/xhtml">
           <p>V_dT=2 (physiological oscillations); 4.8 (chaos); 3.8 or 2 (biorhythmicity example)</p>
         </body>
         </notes>
			</parameter>
  </listOfParameters>
  <listOfRules>
   <assignmentRule metaid="metaid_0000023" variable="Pt">
    <math xmlns="http://www.w3.org/1998/Math/MathML">
     <apply>
      <plus/>
      <ci>CC</ci>
      <ci>Cn</ci>
      <ci>P0</ci>
      <ci>P1</ci>
      <ci>P2</ci>
     </apply>
    </math>
   </assignmentRule>
   <assignmentRule metaid="metaid_0000024" variable="Tt">
    <math xmlns="http://www.w3.org/1998/Math/MathML">
     <apply>
      <plus/>
      <ci>CC</ci>
      <ci>Cn</ci>
      <ci>T0</ci>
      <ci>T1</ci>
      <ci>T2</ci>
     </apply>
    </math>
   </assignmentRule>
  </listOfRules>
    <listOfReactions>
      <reaction id="P0_to_P1" metaid="metaid_0000025" name="First Phosphorylation of PER" reversible="false">
        <notes>
          <body xmlns="http://www.w3.org/1999/xhtml">
            <p>This phosphorylation is triggered by the protein product of the gene <em>double-time</em> (DBT, <a href="http://www.uniprot.org/entry/O76324">DCO_DROME</a>). Not explicitely represented in the model.</p>
          </body>
        </notes>
        <annotation>
<rdf:RDF xmlns:dc="http://purl.org/dc/elements/1.1/" xmlns:dcterms="http://purl.org/dc/terms/" xmlns:rdf="http://www.w3.org/1999/02/22-rdf-syntax-ns#" xmlns:vCard="http://www.w3.org/2001/vcard-rdf/3.0#">
<rdf:Description rdf:about="#metaid_0000025">
<dc:relation>
<rdf:Bag>
<rdf:li rdf:resource="http://www.geneontology.org/#GO:0006468"/>
<rdf:li rdf:resource="http://www.ebi.ac.uk/IntEnz/#EC 2.7.1.37"/>
</rdf:Bag>
</dc:relation>
</rdf:Description>
</rdf:RDF>
</annotation>
<listOfReactants>
          <speciesReference species="P0"/>
        </listOfReactants>
        <listOfProducts>
          <speciesReference species="P1"/>
        </listOfProducts>
        <kineticLaw>
          <math xmlns="http://www.w3.org/1998/Math/MathML">
            <apply>
              <divide/>
              <apply>
                <times/>
                <ci> Cell </ci>
                <ci> V_1P </ci>
                <ci> P0 </ci>
              </apply>
              <apply>
                <plus/>
                <ci> K1_P </ci>
                <ci> P0 </ci>
              </apply>
            </apply>
          </math>
          <listOfParameters>
            <parameter id="K1_P" value="2"/>
            <parameter id="V_1P" value="8"/>
          </listOfParameters>
        </kineticLaw>
      </reaction>
      <reaction id="T0_to_T1" metaid="metaid_0000026" name="First Phosphorylation of TIM" reversible="false">
        <annotation>
<rdf:RDF xmlns:dc="http://purl.org/dc/elements/1.1/" xmlns:dcterms="http://purl.org/dc/terms/" xmlns:rdf="http://www.w3.org/1999/02/22-rdf-syntax-ns#" xmlns:vCard="http://www.w3.org/2001/vcard-rdf/3.0#">
<rdf:Description rdf:about="#metaid_0000026">
<dc:relation>
<rdf:Bag>
<rdf:li rdf:resource="http://www.geneontology.org/#GO:0006468"/>
<rdf:li rdf:resource="http://www.ebi.ac.uk/IntEnz/#EC 2.7.1.37"/>
</rdf:Bag>
</dc:relation>
</rdf:Description>
</rdf:RDF>
</annotation>
<listOfReactants>
          <speciesReference species="T0"/>
        </listOfReactants>
        <listOfProducts>
          <speciesReference species="T1"/>
        </listOfProducts>
        <kineticLaw>
          <math xmlns="http://www.w3.org/1998/Math/MathML">
            <apply>
              <divide/>
              <apply>
                <times/>
                <ci> Cell </ci>
                <ci> V_1T </ci>
                <ci> T0 </ci>
              </apply>
              <apply>
                <plus/>
                <ci> K_1T </ci>
                <ci> T0 </ci>
              </apply>
            </apply>
          </math>
          <listOfParameters>
            <parameter id="K_1T" value="2"/>
            <parameter id="V_1T" value="8"/>
          </listOfParameters>
        </kineticLaw>
      </reaction>
     <reaction id="P1_to_P0" metaid="metaid_0000027" name="Dephosphorylation of PER (1st P)" reversible="false">
        <annotation>
<rdf:RDF xmlns:dc="http://purl.org/dc/elements/1.1/" xmlns:dcterms="http://purl.org/dc/terms/" xmlns:rdf="http://www.w3.org/1999/02/22-rdf-syntax-ns#" xmlns:vCard="http://www.w3.org/2001/vcard-rdf/3.0#">
<rdf:Description rdf:about="#metaid_0000027">
<dc:relation>
<rdf:Bag>
<rdf:li rdf:resource="http://www.geneontology.org/#GO:0006470"/>
<rdf:li rdf:resource="http://www.ebi.ac.uk/IntEnz/#EC 3.1.3.16"/>
</rdf:Bag>
</dc:relation>
</rdf:Description>
</rdf:RDF>
</annotation>
<listOfReactants>
          <speciesReference species="P1"/>
        </listOfReactants>
        <listOfProducts>
          <speciesReference species="P0"/>
        </listOfProducts>
        <kineticLaw>
          <math xmlns="http://www.w3.org/1998/Math/MathML">
            <apply>
              <divide/>
              <apply>
                <times/>
                <ci> Cell </ci>
                <ci> V_2P </ci>
                <ci> P1 </ci>
              </apply>
              <apply>
                <plus/>
                <ci> K_2P </ci>
                <ci> P1 </ci>
              </apply>
            </apply>
          </math>
          <listOfParameters>
            <parameter id="K_2P" value="2"/>
            <parameter id="V_2P" value="1"/>
          </listOfParameters>
        </kineticLaw>
      </reaction>
     <reaction id="T1_to_T0" metaid="metaid_0000028" name="Dephosphorylation of TIM (1st P)" reversible="false">
        <annotation>
<rdf:RDF xmlns:dc="http://purl.org/dc/elements/1.1/" xmlns:dcterms="http://purl.org/dc/terms/" xmlns:rdf="http://www.w3.org/1999/02/22-rdf-syntax-ns#" xmlns:vCard="http://www.w3.org/2001/vcard-rdf/3.0#">
<rdf:Description rdf:about="#metaid_0000028">
<dc:relation>
<rdf:Bag>
<rdf:li rdf:resource="http://www.geneontology.org/#GO:0006470"/>
<rdf:li rdf:resource="http://www.ebi.ac.uk/IntEnz/#EC 3.1.3.16"/>
</rdf:Bag>
</dc:relation>
</rdf:Description>
</rdf:RDF>
</annotation>
<listOfReactants>
          <speciesReference species="T1"/>
        </listOfReactants>
        <listOfProducts>
          <speciesReference species="T0"/>
        </listOfProducts>
        <kineticLaw>
          <math xmlns="http://www.w3.org/1998/Math/MathML">
            <apply>
              <divide/>
              <apply>
                <times/>
                <ci> Cell </ci>
                <ci> V_2T </ci>
                <ci> T1 </ci>
              </apply>
              <apply>
                <plus/>
                <ci> K_2T </ci>
                <ci> T1 </ci>
              </apply>
            </apply>
          </math>
          <listOfParameters>
            <parameter id="K_2T" value="2"/>
            <parameter id="V_2T" value="1"/>
          </listOfParameters>
        </kineticLaw>
      </reaction>
       <reaction id="P1_to_P2" metaid="metaid_0000029" name="Second Phosphorylation of PER" reversible="false">
        <notes>
          <body xmlns="http://www.w3.org/1999/xhtml">
            <p>This phosphorylation is triggered by the protein product of the gene <em>double-time</em> (DBT, <a href="http://www.uniprot.org/entry/O76324">DCO_DROME</a>). Not explicitely represented in the model.</p>
          </body>
        </notes>
        <annotation>
<rdf:RDF xmlns:dc="http://purl.org/dc/elements/1.1/" xmlns:dcterms="http://purl.org/dc/terms/" xmlns:rdf="http://www.w3.org/1999/02/22-rdf-syntax-ns#" xmlns:vCard="http://www.w3.org/2001/vcard-rdf/3.0#">
<rdf:Description rdf:about="#metaid_0000029">
<dc:relation>
<rdf:Bag>
<rdf:li rdf:resource="http://www.geneontology.org/#GO:0006468"/>
<rdf:li rdf:resource="http://www.ebi.ac.uk/IntEnz/#EC 2.7.1.37"/>
</rdf:Bag>
</dc:relation>
</rdf:Description>
</rdf:RDF>
</annotation>
<listOfReactants>
          <speciesReference species="P1"/>
        </listOfReactants>
        <listOfProducts>
          <speciesReference species="P2"/>
        </listOfProducts>
        <kineticLaw>
          <math xmlns="http://www.w3.org/1998/Math/MathML">
            <apply>
              <divide/>
              <apply>
                <times/>
                <ci> Cell </ci>
                <ci> V_3P </ci>
                <ci> P1 </ci>
              </apply>
              <apply>
                <plus/>
                <ci> K_3P </ci>
                <ci> P1 </ci>
              </apply>
            </apply>
          </math>
          <listOfParameters>
            <parameter id="K_3P" value="2"/>
            <parameter id="V_3P" value="8"/>
          </listOfParameters>
        </kineticLaw>
      </reaction>
    <reaction id="T1_to_T2" metaid="metaid_0000030" name="Second Phosphorylation of TIM" reversible="false">
        <annotation>
<rdf:RDF xmlns:dc="http://purl.org/dc/elements/1.1/" xmlns:dcterms="http://purl.org/dc/terms/" xmlns:rdf="http://www.w3.org/1999/02/22-rdf-syntax-ns#" xmlns:vCard="http://www.w3.org/2001/vcard-rdf/3.0#">
<rdf:Description rdf:about="#metaid_0000030">
<dc:relation>
<rdf:Bag>
<rdf:li rdf:resource="http://www.geneontology.org/#GO:0006468"/>
<rdf:li rdf:resource="http://www.ebi.ac.uk/IntEnz/#EC 2.7.1.37"/>
</rdf:Bag>
</dc:relation>
</rdf:Description>
</rdf:RDF>
</annotation>
<listOfReactants>
          <speciesReference species="T1"/>
        </listOfReactants>
        <listOfProducts>
          <speciesReference species="T2"/>
        </listOfProducts>
        <kineticLaw>
          <math xmlns="http://www.w3.org/1998/Math/MathML">
            <apply>
              <divide/>
              <apply>
                <times/>
                <ci> Cell </ci>
                <ci> V_3T </ci>
                <ci> T1 </ci>
              </apply>
              <apply>
                <plus/>
                <ci> K_3T </ci>
                <ci> T1 </ci>
              </apply>
            </apply>
          </math>
          <listOfParameters>
            <parameter id="K_3T" value="2"/>
            <parameter id="V_3T" value="8"/>
          </listOfParameters>
        </kineticLaw>
      </reaction>
     <reaction id="P2_to_P1" metaid="metaid_0000031" name="Dephosphorylation of PER (2nd P)" reversible="false">
        <annotation>
<rdf:RDF xmlns:dc="http://purl.org/dc/elements/1.1/" xmlns:dcterms="http://purl.org/dc/terms/" xmlns:rdf="http://www.w3.org/1999/02/22-rdf-syntax-ns#" xmlns:vCard="http://www.w3.org/2001/vcard-rdf/3.0#">
<rdf:Description rdf:about="#metaid_0000031">
<dc:relation>
<rdf:Bag>
<rdf:li rdf:resource="http://www.geneontology.org/#GO:0006470"/>
<rdf:li rdf:resource="http://www.ebi.ac.uk/IntEnz/#EC 3.1.3.16"/>
</rdf:Bag>
</dc:relation>
</rdf:Description>
</rdf:RDF>
</annotation>
<listOfReactants>
          <speciesReference species="P2"/>
        </listOfReactants>
        <listOfProducts>
          <speciesReference species="P1"/>
        </listOfProducts>
        <kineticLaw>
          <math xmlns="http://www.w3.org/1998/Math/MathML">
            <apply>
              <divide/>
              <apply>
                <times/>
                <ci> Cell </ci>
                <ci> V_4P </ci>
                <ci> P2 </ci>
              </apply>
              <apply>
                <plus/>
                <ci> K_4P </ci>
                <ci> P2 </ci>
              </apply>
            </apply>
          </math>
          <listOfParameters>
            <parameter id="K_4P" value="2"/>
            <parameter id="V_4P" value="1"/>
          </listOfParameters>
        </kineticLaw>
      </reaction>
     <reaction id="T2_to_T1" metaid="metaid_0000032" name="Dephosphorylation of TIM (2nd P)" reversible="false">
        <annotation>
<rdf:RDF xmlns:dc="http://purl.org/dc/elements/1.1/" xmlns:dcterms="http://purl.org/dc/terms/" xmlns:rdf="http://www.w3.org/1999/02/22-rdf-syntax-ns#" xmlns:vCard="http://www.w3.org/2001/vcard-rdf/3.0#">
<rdf:Description rdf:about="#metaid_0000032">
<dc:relation>
<rdf:Bag>
<rdf:li rdf:resource="http://www.geneontology.org/#GO:0006470"/>
<rdf:li rdf:resource="http://www.ebi.ac.uk/IntEnz/#EC 3.1.3.16"/>
</rdf:Bag>
</dc:relation>
</rdf:Description>
</rdf:RDF>
</annotation>
<listOfReactants>
          <speciesReference species="T2"/>
        </listOfReactants>
        <listOfProducts>
          <speciesReference species="T1"/>
        </listOfProducts>
        <kineticLaw>
          <math xmlns="http://www.w3.org/1998/Math/MathML">
            <apply>
              <divide/>
              <apply>
                <times/>
                <ci> Cell </ci>
                <ci> V_4T </ci>
                <ci> T2 </ci>
              </apply>
              <apply>
                <plus/>
                <ci> K_4T </ci>
                <ci> T2 </ci>
              </apply>
            </apply>
          </math>
          <listOfParameters>
            <parameter id="K_4T" value="2"/>
            <parameter id="V_4T" value="1"/>
          </listOfParameters>
        </kineticLaw>
      </reaction>
      <reaction id="P0_degradation" metaid="metaid_0000033" name="PER degradation" reversible="false">
        <annotation>
<rdf:RDF xmlns:dc="http://purl.org/dc/elements/1.1/" xmlns:dcterms="http://purl.org/dc/terms/" xmlns:rdf="http://www.w3.org/1999/02/22-rdf-syntax-ns#" xmlns:vCard="http://www.w3.org/2001/vcard-rdf/3.0#">
<rdf:Description rdf:about="#metaid_0000033">
<dc:relation>
<rdf:Bag>
<rdf:li rdf:resource="http://www.geneontology.org/#GO:0030163"/>
</rdf:Bag>
</dc:relation>
</rdf:Description>
</rdf:RDF>
</annotation>
<listOfReactants>
          <speciesReference species="P0"/>
        </listOfReactants>
        <kineticLaw>
          <math xmlns="http://www.w3.org/1998/Math/MathML">
            <apply>
              <times/>
                <ci> Cell </ci>
              <ci> k_d </ci>
              <ci> P0 </ci>
            </apply>
          </math>
          <listOfParameters>
            <parameter id="k_d" value="0.01"/>
          </listOfParameters>
        </kineticLaw>
      </reaction>
     <reaction id="T0_degradation" metaid="metaid_0000034" name="TIM degradation" reversible="false">
        <annotation>
<rdf:RDF xmlns:dc="http://purl.org/dc/elements/1.1/" xmlns:dcterms="http://purl.org/dc/terms/" xmlns:rdf="http://www.w3.org/1999/02/22-rdf-syntax-ns#" xmlns:vCard="http://www.w3.org/2001/vcard-rdf/3.0#">
<rdf:Description rdf:about="#metaid_0000034">
<dc:relation>
<rdf:Bag>
<rdf:li rdf:resource="http://www.geneontology.org/#GO:0030163"/>
</rdf:Bag>
</dc:relation>
</rdf:Description>
</rdf:RDF>
</annotation>
<listOfReactants>
          <speciesReference species="T0"/>
        </listOfReactants>
         <kineticLaw>
          <math xmlns="http://www.w3.org/1998/Math/MathML">
            <apply>
              <times/>
                <ci> Cell </ci>
              <ci> k_d </ci>
              <ci> T0 </ci>
            </apply>
          </math>
          <listOfParameters>
            <parameter id="k_d" value="0.01"/>
          </listOfParameters>
        </kineticLaw>
      </reaction>
    <reaction id="P1_degradation" metaid="metaid_0000035" name="PER-1 degradation" reversible="false">
        <annotation>
<rdf:RDF xmlns:dc="http://purl.org/dc/elements/1.1/" xmlns:dcterms="http://purl.org/dc/terms/" xmlns:rdf="http://www.w3.org/1999/02/22-rdf-syntax-ns#" xmlns:vCard="http://www.w3.org/2001/vcard-rdf/3.0#">
<rdf:Description rdf:about="#metaid_0000035">
<dc:relation>
<rdf:Bag>
<rdf:li rdf:resource="http://www.geneontology.org/#GO:0030163"/>
</rdf:Bag>
</dc:relation>
</rdf:Description>
</rdf:RDF>
</annotation>
<listOfReactants>
          <speciesReference species="P1"/>
        </listOfReactants>
        <kineticLaw>
          <math xmlns="http://www.w3.org/1998/Math/MathML">
            <apply>
              <times/>
                <ci> Cell </ci>
              <ci> k_d </ci>
              <ci> P1 </ci>
            </apply>
          </math>
          <listOfParameters>
            <parameter id="k_d" value="0.01"/>
          </listOfParameters>
        </kineticLaw>
      </reaction>
     <reaction id="T1_degradation" metaid="metaid_0000036" name="TIM-1 degradation" reversible="false">
        <annotation>
<rdf:RDF xmlns:dc="http://purl.org/dc/elements/1.1/" xmlns:dcterms="http://purl.org/dc/terms/" xmlns:rdf="http://www.w3.org/1999/02/22-rdf-syntax-ns#" xmlns:vCard="http://www.w3.org/2001/vcard-rdf/3.0#">
<rdf:Description rdf:about="#metaid_0000036">
<dc:relation>
<rdf:Bag>
<rdf:li rdf:resource="http://www.geneontology.org/#GO:0030163"/>
</rdf:Bag>
</dc:relation>
</rdf:Description>
</rdf:RDF>
</annotation>
<listOfReactants>
          <speciesReference species="T1"/>
        </listOfReactants>
        <kineticLaw>
          <math xmlns="http://www.w3.org/1998/Math/MathML">
            <apply>
              <times/>
                <ci> Cell </ci>
              <ci> k_d </ci>
              <ci> T1 </ci>
            </apply>
          </math>
          <listOfParameters>
            <parameter id="k_d" value="0.01"/>
          </listOfParameters>
        </kineticLaw>
      </reaction>
     <reaction id="P2_degradation" metaid="metaid_0000037" name="PER-2 degradation" reversible="false">
        <annotation>
<rdf:RDF xmlns:dc="http://purl.org/dc/elements/1.1/" xmlns:dcterms="http://purl.org/dc/terms/" xmlns:rdf="http://www.w3.org/1999/02/22-rdf-syntax-ns#" xmlns:vCard="http://www.w3.org/2001/vcard-rdf/3.0#">
<rdf:Description rdf:about="#metaid_0000037">
<dc:relation>
<rdf:Bag>
<rdf:li rdf:resource="http://www.geneontology.org/#GO:0030163"/>
</rdf:Bag>
</dc:relation>
</rdf:Description>
</rdf:RDF>
</annotation>
<listOfReactants>
          <speciesReference species="P2"/>
        </listOfReactants>
        <kineticLaw>
          <math xmlns="http://www.w3.org/1998/Math/MathML">
            <apply>
              <plus/>
              <apply>
                <times/>
                <ci> Cell </ci>
                <ci> k_d </ci>
                <ci> P2 </ci>
              </apply>
              <apply>
                <divide/>
                <apply>
                  <times/>
                  <ci> Cell </ci>
                  <ci> V_dP </ci>
                  <ci> P2 </ci>
                </apply>
                <apply>
                  <plus/>
                  <ci> K_dP </ci>
                  <ci> P2 </ci>
                </apply>
              </apply>
            </apply>
          </math>
          <listOfParameters>
            <parameter id="k_d" value="0.01"/>
            <parameter id="V_dP" value="2"/>
            <parameter id="K_dP" value="0.2"/>
          </listOfParameters>
        </kineticLaw>
     </reaction>
     <reaction id="T2_degradation" metaid="metaid_0000038" name="TIM-2 degradation" reversible="false">
        <annotation>
<rdf:RDF xmlns:dc="http://purl.org/dc/elements/1.1/" xmlns:dcterms="http://purl.org/dc/terms/" xmlns:rdf="http://www.w3.org/1999/02/22-rdf-syntax-ns#" xmlns:vCard="http://www.w3.org/2001/vcard-rdf/3.0#">
<rdf:Description rdf:about="#metaid_0000038">
<dc:relation>
<rdf:Bag>
<rdf:li rdf:resource="http://www.geneontology.org/#GO:0030163"/>
</rdf:Bag>
</dc:relation>
</rdf:Description>
</rdf:RDF>
</annotation>
<listOfReactants>
          <speciesReference species="T2"/>
        </listOfReactants>
        <kineticLaw>
          <math xmlns="http://www.w3.org/1998/Math/MathML">
            <apply>
              <plus/>
              <apply>
                <times/>
                <ci> Cell </ci>
                <ci> k_d </ci>
                <ci> T2 </ci>
              </apply>
              <apply>
                <divide/>
                <apply>
                  <times/>
                  <ci> Cell </ci>
                  <ci> V_dT </ci>
                  <ci> T2 </ci>
                </apply>
                <apply>
                  <plus/>
                  <ci> K_dT </ci>
                  <ci> T2 </ci>
                </apply>
              </apply>
            </apply>
          </math>
          <listOfParameters>
            <parameter id="k_d" value="0.01"/>
             <parameter id="K_dT" value="0.2"/>
          </listOfParameters>
        </kineticLaw>
      </reaction>
     <reaction id="PT_complex_formation" metaid="metaid_0000039" name="PER-TIM complex formation" reversible="true">
        <listOfReactants>
          <speciesReference species="P2"/>
          <speciesReference species="T2"/>
        </listOfReactants>
        <listOfProducts>
          <speciesReference species="CC"/>
        </listOfProducts>
        <kineticLaw>
          <math xmlns="http://www.w3.org/1998/Math/MathML">
            <apply>
              <minus/>
              <apply>
                <times/>
                <ci> Cell </ci>
                <ci> k3 </ci>
                <ci> P2 </ci>
                <ci> T2 </ci>
              </apply>
              <apply>
                <times/>
                <ci> Cell </ci>
                <ci> k4 </ci>
                <ci> CC </ci>
              </apply>
            </apply>
          </math>
          <listOfParameters>
            <parameter id="k3" value="1.2"/>
            <parameter id="k4" value="0.6"/>
          </listOfParameters>
        </kineticLaw>
      </reaction>
       <reaction id="PT_complex_nucleation" metaid="metaid_0000040" name="PER-TIM complex nucleation" reversible="true">
        <annotation>
<rdf:RDF xmlns:dc="http://purl.org/dc/elements/1.1/" xmlns:dcterms="http://purl.org/dc/terms/" xmlns:rdf="http://www.w3.org/1999/02/22-rdf-syntax-ns#" xmlns:vCard="http://www.w3.org/2001/vcard-rdf/3.0#">
<rdf:Description rdf:about="#metaid_0000040">
<dc:relation>
<rdf:Bag>
<rdf:li rdf:resource="http://www.geneontology.org/#GO:0006606"/>
</rdf:Bag>
</dc:relation>
</rdf:Description>
</rdf:RDF>
</annotation>
<listOfReactants>
          <speciesReference species="CC"/>
        </listOfReactants>
        <listOfProducts>
          <speciesReference species="Cn"/>
        </listOfProducts>
        <kineticLaw>
          <math xmlns="http://www.w3.org/1998/Math/MathML">
            <apply>
              <minus/>
              <apply>
                <times/>
                <ci> Cell </ci>
                <ci> k1 </ci>
                <ci> CC </ci>
              </apply>
              <apply>
                <times/>
                <ci> compartment_0000002 </ci>
                <ci> k2 </ci>
                <ci> Cn </ci>
              </apply>
            </apply>
          </math>
          <listOfParameters>
            <parameter id="k1" value="0.6"/>
            <parameter id="k2" value="0.2"/>
          </listOfParameters>
        </kineticLaw>
      </reaction>
       <reaction id="PT_complex_degradation" metaid="metaid_0000041" name="PER-TIM complex degradation (cytosol)" reversible="false">
        <annotation>
<rdf:RDF xmlns:dc="http://purl.org/dc/elements/1.1/" xmlns:dcterms="http://purl.org/dc/terms/" xmlns:rdf="http://www.w3.org/1999/02/22-rdf-syntax-ns#" xmlns:vCard="http://www.w3.org/2001/vcard-rdf/3.0#">
<rdf:Description rdf:about="#metaid_0000041">
<dc:relation>
<rdf:Bag>
<rdf:li rdf:resource="http://www.geneontology.org/#GO:0030163"/>
</rdf:Bag>
</dc:relation>
</rdf:Description>
</rdf:RDF>
</annotation>
<listOfReactants>
          <speciesReference species="CC"/>
        </listOfReactants>
         <kineticLaw>
          <math xmlns="http://www.w3.org/1998/Math/MathML">
            <apply>
              <times/>
              <ci> Cell </ci>
              <ci> k_dC </ci>
              <ci> CC </ci>
            </apply>
          </math>
          <listOfParameters>
            <parameter id="k_dC" value="0.01"/>
          </listOfParameters>
        </kineticLaw>
      </reaction>
    <reaction id="PTnucl_complex_degradation" metaid="metaid_0000042" name="PER-TIM complex degradation (nuclear)" reversible="false">
        <annotation>
<rdf:RDF xmlns:dc="http://purl.org/dc/elements/1.1/" xmlns:dcterms="http://purl.org/dc/terms/" xmlns:rdf="http://www.w3.org/1999/02/22-rdf-syntax-ns#" xmlns:vCard="http://www.w3.org/2001/vcard-rdf/3.0#">
<rdf:Description rdf:about="#metaid_0000042">
<dc:relation>
<rdf:Bag>
<rdf:li rdf:resource="http://www.geneontology.org/#GO:0030163"/>
</rdf:Bag>
</dc:relation>
</rdf:Description>
</rdf:RDF>
</annotation>
<listOfReactants>
          <speciesReference species="Cn"/>
        </listOfReactants>
        <kineticLaw>
          <math xmlns="http://www.w3.org/1998/Math/MathML">
            <apply>
              <times/>
              <ci> compartment_0000002 </ci>
              <ci> k_dN </ci>
              <ci> Cn </ci>
            </apply>
          </math>
          <listOfParameters>
            <parameter id="k_dN" value="0.01"/>
          </listOfParameters>
        </kineticLaw>
      </reaction>
      <reaction id="Mp_production" metaid="metaid_0000043" name="PER mRNA production" reversible="false">
        <annotation>
<rdf:RDF xmlns:dc="http://purl.org/dc/elements/1.1/" xmlns:dcterms="http://purl.org/dc/terms/" xmlns:rdf="http://www.w3.org/1999/02/22-rdf-syntax-ns#" xmlns:vCard="http://www.w3.org/2001/vcard-rdf/3.0#">
<rdf:Description rdf:about="#metaid_0000043">
<dc:relation>
<rdf:Bag>
<rdf:li rdf:resource="http://www.geneontology.org/#GO:0006355"/>
<rdf:li rdf:resource="http://www.geneontology.org/#GO:0009299"/>
</rdf:Bag>
</dc:relation>
</rdf:Description>
</rdf:RDF>
</annotation>
<listOfProducts>
          <speciesReference species="Mp"/>
        </listOfProducts>
        <listOfModifiers>
          <modifierSpeciesReference species="Cn"/>
        </listOfModifiers>
        <kineticLaw>
          <math xmlns="http://www.w3.org/1998/Math/MathML">
            <apply>
              <divide/>
              <apply>
                <times/>
                <ci> Cell </ci>
                <ci> v_sP </ci>
                <apply>
                  <power/>
                  <ci> K_IP </ci>
                  <ci> n </ci>
                </apply>
              </apply>
              <apply>
                <plus/>
                <apply>
                  <power/>
                  <ci> K_IP </ci>
                  <ci> n </ci>
                </apply>
                <apply>
                  <power/>
                  <ci> Cn </ci>
                  <ci> n </ci>
                </apply>
              </apply>
            </apply>
          </math>
          <listOfParameters>
            <parameter id="v_sP" value="1"/>
            <parameter id="K_IP" value="1"/>
            <parameter id="n" value="4"/>
          </listOfParameters>
        </kineticLaw>
      </reaction>
      <reaction id="Mt_production" metaid="metaid_0000044" name="TIM mRNA production" reversible="false">
        <annotation>
<rdf:RDF xmlns:dc="http://purl.org/dc/elements/1.1/" xmlns:dcterms="http://purl.org/dc/terms/" xmlns:rdf="http://www.w3.org/1999/02/22-rdf-syntax-ns#" xmlns:vCard="http://www.w3.org/2001/vcard-rdf/3.0#">
<rdf:Description rdf:about="#metaid_0000044">
<dc:relation>
<rdf:Bag>
<rdf:li rdf:resource="http://www.geneontology.org/#GO:0006355"/>
<rdf:li rdf:resource="http://www.geneontology.org/#GO:0009299"/>
</rdf:Bag>
</dc:relation>
</rdf:Description>
</rdf:RDF>
</annotation>
<listOfProducts>
          <speciesReference species="Mt"/>
        </listOfProducts>
        <listOfModifiers>
          <modifierSpeciesReference species="Cn"/>
        </listOfModifiers>
        <kineticLaw>
          <math xmlns="http://www.w3.org/1998/Math/MathML">
            <apply>
              <divide/>
              <apply>
                <times/>
                <ci> Cell </ci>
                <ci> V_sT </ci>
                <apply>
                  <power/>
                  <ci> K_IT </ci>
                  <ci> n </ci>
                </apply>
              </apply>
              <apply>
                <plus/>
                <apply>
                  <power/>
                  <ci> K_IT </ci>
                  <ci> n </ci>
                </apply>
                <apply>
                  <power/>
                  <ci> Cn </ci>
                  <ci> n </ci>
                </apply>
              </apply>
            </apply>
          </math>
         <listOfParameters>
            <parameter id="V_sT" value="1"/>
            <parameter id="K_IT" value="1"/>
            <parameter id="n" value="4"/>
          </listOfParameters>
        </kineticLaw>
      </reaction>
    <reaction id="P0_production" metaid="metaid_0000045" name="PER production" reversible="false">
        <annotation>
<rdf:RDF xmlns:dc="http://purl.org/dc/elements/1.1/" xmlns:dcterms="http://purl.org/dc/terms/" xmlns:rdf="http://www.w3.org/1999/02/22-rdf-syntax-ns#" xmlns:vCard="http://www.w3.org/2001/vcard-rdf/3.0#">
<rdf:Description rdf:about="#metaid_0000045">
<dc:relation>
<rdf:Bag>
<rdf:li rdf:resource="http://www.geneontology.org/#GO:0043037"/>
</rdf:Bag>
</dc:relation>
</rdf:Description>
</rdf:RDF>
</annotation>
<listOfProducts>
          <speciesReference species="P0"/>
        </listOfProducts>
        <listOfModifiers>
          <modifierSpeciesReference species="Mp"/>
        </listOfModifiers>
        <kineticLaw>
          <math xmlns="http://www.w3.org/1998/Math/MathML">
            <apply>
              <times/>
              <ci> Cell </ci>
              <ci> k_sP </ci>
              <ci> Mp </ci>
            </apply>
          </math>
          <listOfParameters>
            <parameter id="k_sP" value="0.9"/>
          </listOfParameters>
        </kineticLaw>
      </reaction>
      <reaction id="T0_production" metaid="metaid_0000046" name="TIM production" reversible="false">
        <annotation>
<rdf:RDF xmlns:dc="http://purl.org/dc/elements/1.1/" xmlns:dcterms="http://purl.org/dc/terms/" xmlns:rdf="http://www.w3.org/1999/02/22-rdf-syntax-ns#" xmlns:vCard="http://www.w3.org/2001/vcard-rdf/3.0#">
<rdf:Description rdf:about="#metaid_0000046">
<dc:relation>
<rdf:Bag>
<rdf:li rdf:resource="http://www.geneontology.org/#GO:0043037"/>
</rdf:Bag>
</dc:relation>
</rdf:Description>
</rdf:RDF>
</annotation>
<listOfProducts>
          <speciesReference species="T0"/>
        </listOfProducts>
        <listOfModifiers>
          <modifierSpeciesReference species="Mt"/>
        </listOfModifiers>
        <kineticLaw>
          <math xmlns="http://www.w3.org/1998/Math/MathML">
            <apply>
              <times/>
              <ci> Cell </ci>
              <ci> k_sT </ci>
              <ci> Mt </ci>
            </apply>
          </math>
          <listOfParameters>
            <parameter id="k_sT" value="0.9"/>
          </listOfParameters>
        </kineticLaw>
      </reaction>
      <reaction id="Mp_degradation" metaid="metaid_0000047" name="PER mRNA degradation" reversible="false">
        <annotation>
<rdf:RDF xmlns:dc="http://purl.org/dc/elements/1.1/" xmlns:dcterms="http://purl.org/dc/terms/" xmlns:rdf="http://www.w3.org/1999/02/22-rdf-syntax-ns#" xmlns:vCard="http://www.w3.org/2001/vcard-rdf/3.0#">
<rdf:Description rdf:about="#metaid_0000047">
<dc:relation>
<rdf:Bag>
<rdf:li rdf:resource="http://www.geneontology.org/#GO:0006402"/>
</rdf:Bag>
</dc:relation>
</rdf:Description>
</rdf:RDF>
</annotation>
<listOfReactants>
          <speciesReference species="Mp"/>
        </listOfReactants>
        <kineticLaw>
          <math xmlns="http://www.w3.org/1998/Math/MathML">
            <apply>
              <plus/>
              <apply>
                <times/>
                <ci> Cell </ci>
                <ci> k_d</ci>
                <ci> Mp </ci>
              </apply>
              <apply>
                <divide/>
                <apply>
                  <times/>
                  <ci> Cell </ci>
                  <ci> V_mP </ci>
                  <ci> Mp </ci>
                </apply>
                <apply>
                  <plus/>
                  <ci> K_mP </ci>
                  <ci> Mp </ci>
                </apply>
              </apply>
            </apply>
          </math>
          <listOfParameters>
            <parameter id="k_d" value="0.01"/>
            <parameter id="V_mP" value="0.7"/>
            <parameter id="K_mP" value="0.2"/>
          </listOfParameters>
        </kineticLaw>
      </reaction>
     <reaction id="Mt_degradation" metaid="metaid_0000048" name="TIM mRNA degradation" reversible="false">
        <annotation>
<rdf:RDF xmlns:dc="http://purl.org/dc/elements/1.1/" xmlns:dcterms="http://purl.org/dc/terms/" xmlns:rdf="http://www.w3.org/1999/02/22-rdf-syntax-ns#" xmlns:vCard="http://www.w3.org/2001/vcard-rdf/3.0#">
<rdf:Description rdf:about="#metaid_0000048">
<dc:relation>
<rdf:Bag>
<rdf:li rdf:resource="http://www.geneontology.org/#GO:0006402"/>
</rdf:Bag>
</dc:relation>
</rdf:Description>
</rdf:RDF>
</annotation>
<listOfReactants>
          <speciesReference species="Mt"/>
        </listOfReactants>
        <kineticLaw>
          <math xmlns="http://www.w3.org/1998/Math/MathML">
            <apply>
              <plus/>
              <apply>
                <times/>
                <ci> Cell </ci>
                <ci> k_d </ci>
                <ci> Mt </ci>
              </apply>
              <apply>
                <divide/>
                <apply>
                  <times/>
                  <ci> Cell </ci>
                  <ci> V_mT </ci>
                  <ci> Mt </ci>
                </apply>
                <apply>
                  <plus/>
                  <ci> K_mT </ci>
                  <ci> Mt </ci>
                </apply>
              </apply>
            </apply>
          </math>
          <listOfParameters>
            <parameter id="k_d" value="0.01"/>
            <parameter id="K_mT" value="0.2"/>
          </listOfParameters>
        </kineticLaw>
      </reaction>
    </listOfReactions>
  </model>
</sbml>