<?xml version="1.0" encoding="UTF-8"?>
<sbml xmlns="http://www.sbml.org/sbml/level2" metaid="metaid_0000001" level="2" version="1">
  <model metaid="metaid_0000002" id="Brown2004_NGF_EGF_signaling">
    <notes>
      <body xmlns="http://www.w3.org/1999/xhtml">
    <p>Contact Ryan Gutenkunst (rng7@cornell.edu) for any questions on the SBMLization or annotation of this model.</p>
  
    <p>KS Brown KS and JP Sethna<br></br>
    "Statistical mechanical approaches to models with many poorly known parameters."<br></br>
    Physical Review E 68:021904 (2003)<br></br>
    PMID: 14525003</p>

    <p>KS Brown, CC Hill, GA Calero, CR Myers, KH Lee, JP Sethna, and RA Cerione<br></br>
    "The statistical mechanics of complex signaling networks: 
        nerve growth factor signaling"<br></br>
    Physical Biology 1:184-195 (2004)<br></br>
    PMID: not yet indexed</p>

    <h3>Notes:</h3>
    <p>The figures in the paper show results from computations performed over an ensemble of all parameter sets that fit the avaiable data. This file contains only the best fit parameters. The full ensemble of parameters is available at http://www.lassp.cornell.edu/sethna/GeneDynamics/PC12DataFiles/ (Also, the best-fit parameter set produces a curve for DN Rap1 that is less "peakish" than the ensemble average.)</p>

     <p>The conversion factors for EGF and NGF concentrations account for their molecular weights and the density of cells in the culture dish. These concentrations are saturating, so the exact values are not critical.</p>

      <p>Because the Erk data fit to measure only fold changes in activity, there is no absolute scale for the y-axes. Thus the curves from this file have different magnitudes than those published.</p>

    <p>To reproduce the figures from the paper:<br></br>
        2a) For EGF stimulation, set the initial concentration of EGF to 100 ng/ml * 100020 (molecule/cell)/(ng/ml) = 10002000.<br></br>
            For NGF stimulation, set the initial concentration of NGF to 50 ng/ml * 4560 (molecule/cell)/(ng/ml) = 456000<br></br>

        5a) To simulate LY294002 addition, set kPI3KRas and kPI3K to 0.<br></br>
        5b) To simulate a dominant negative Rap1, set kRap1ToBRaf to 0.<br></br>
            To simulate a dominant negative Ras, set kRasToRaf1 and kPI3KRas to 0.<br></br>
            </p>
<p>
Almost all the data fit with this model by the authors are from Western blots. Given 
the uncertainties in antibody effectiveness and other factors, one can't 
a priori derive a conversion between the arbitrary units for a given set 
of data and molecules per cell. So the authors used an adjustable 
"scale factor" that converts between molecules per cell and Western blot 
units.
</p>
<p>
For the EGF stimulation data in figure 2a) the scale factor conversion 
is 1.414e-05 (U/mg)/(molecule/cell).
For the NGF stimulation data in figure 2a) it is 7.135e-06 
(U/mg)/(molecule/cell).
</p>
    </body>
    </notes>
    <annotation>
<rdf:RDF xmlns:rdf="http://www.w3.org/1999/02/22-rdf-syntax-ns#" xmlns:dc="http://purl.org/dc/elements/1.1/" xmlns:dcterms="http://purl.org/dc/terms/">
<rdf:Description rdf:about="#metaid_0000002">
<dc:relation>
<rdf:Bag>
<rdf:li rdf:resource="http://www.ebi.ac.uk/biomodels/#BIOMD0000000033"/>
<rdf:li rdf:resource="http://www.ncbi.nlm.nih.gov/PubMed/#14525003"/>
</rdf:Bag>
</dc:relation>
<dc:relation>
<rdf:Bag>
<rdf:li rdf:resource="http://www.geneontology.org/#GO:0007265"/>
<rdf:li rdf:resource="http://www.geneontology.org/#GO:0000165"/>
<rdf:li rdf:resource="http://www.geneontology.org/#GO:0048011"/>
<rdf:li rdf:resource="http://www.geneontology.org/#GO:0007173"/>
<rdf:li rdf:resource="http://www.genome.jp/kegg/pathway/#rno04070"/>
<rdf:li rdf:resource="http://www.genome.jp/kegg/pathway/#rno04010"/>
</rdf:Bag>
</dc:relation>
</rdf:Description>
</rdf:RDF>
</annotation>

    <listOfUnitDefinitions>
      <unitDefinition metaid="metaid_0000110" id="substance" name="item (default)">
        <listOfUnits>
          <unit kind="item" multiplier="1" offset="0"/>
        </listOfUnits>
      </unitDefinition>
    </listOfUnitDefinitions>
    <listOfCompartments>
      <compartment metaid="metaid_0000051" id="cell" size="1">
        <annotation>
<rdf:RDF xmlns:rdf="http://www.w3.org/1999/02/22-rdf-syntax-ns#" xmlns:dc="http://purl.org/dc/elements/1.1/" xmlns:dcterms="http://purl.org/dc/terms/">
<rdf:Description rdf:about="#metaid_0000051">
<dc:relation>
<rdf:Bag>
<rdf:li rdf:resource="http://www.geneontology.org/#GO:0005623"/>
</rdf:Bag>
</dc:relation>
</rdf:Description>
</rdf:RDF>
</annotation>

      </compartment>
    </listOfCompartments>
    <listOfSpecies>
      <species metaid="metaid_0000052" id="EGF" compartment="cell" initialConcentration="10002000">
        <annotation>
<rdf:RDF xmlns:rdf="http://www.w3.org/1999/02/22-rdf-syntax-ns#" xmlns:dc="http://purl.org/dc/elements/1.1/" xmlns:dcterms="http://purl.org/dc/terms/">
<rdf:Description rdf:about="#metaid_0000052">
<dc:relation>
<rdf:Bag>
<rdf:li rdf:resource="http://www.uniprot.org/#P07522"/>
</rdf:Bag>
</dc:relation>
</rdf:Description>
</rdf:RDF>
</annotation>

      </species>
      <species metaid="metaid_0000053" id="NGF" compartment="cell" initialConcentration="456000">
        <annotation>
<rdf:RDF xmlns:rdf="http://www.w3.org/1999/02/22-rdf-syntax-ns#" xmlns:dc="http://purl.org/dc/elements/1.1/" xmlns:dcterms="http://purl.org/dc/terms/">
<rdf:Description rdf:about="#metaid_0000053">
<dc:relation>
<rdf:Bag>
<rdf:li rdf:resource="http://www.uniprot.org/#P25427"/>
</rdf:Bag>
</dc:relation>
</rdf:Description>
</rdf:RDF>
</annotation>

      </species>
      <species metaid="metaid_0000054" id="freeEGFReceptor" compartment="cell" initialConcentration="80000">
        <annotation>
<rdf:RDF xmlns:rdf="http://www.w3.org/1999/02/22-rdf-syntax-ns#" xmlns:dc="http://purl.org/dc/elements/1.1/" xmlns:dcterms="http://purl.org/dc/terms/">
<rdf:Description rdf:about="#metaid_0000054">
<dc:relation>
<rdf:Bag>
<rdf:li rdf:resource="http://www.uniprot.org/#Q9QX70"/>
</rdf:Bag>
</dc:relation>
</rdf:Description>
</rdf:RDF>
</annotation>

      </species>
      <species metaid="metaid_0000055" id="boundEGFReceptor" compartment="cell" initialConcentration="0">
        <annotation>
<rdf:RDF xmlns:rdf="http://www.w3.org/1999/02/22-rdf-syntax-ns#" xmlns:dc="http://purl.org/dc/elements/1.1/" xmlns:dcterms="http://purl.org/dc/terms/">
<rdf:Description rdf:about="#metaid_0000055">
<dc:relation>
<rdf:Bag>
<rdf:li rdf:resource="http://www.uniprot.org/#Q9QX70"/>
</rdf:Bag>
</dc:relation>
</rdf:Description>
</rdf:RDF>
</annotation>

      </species>
      <species metaid="metaid_0000056" id="freeNGFReceptor" compartment="cell" initialConcentration="10000">
        <annotation>
<rdf:RDF xmlns:rdf="http://www.w3.org/1999/02/22-rdf-syntax-ns#" xmlns:dc="http://purl.org/dc/elements/1.1/" xmlns:dcterms="http://purl.org/dc/terms/">
<rdf:Description rdf:about="#metaid_0000056">
<dc:relation>
<rdf:Bag>
<rdf:li rdf:resource="http://www.uniprot.org/#P35739"/>
</rdf:Bag>
</dc:relation>
</rdf:Description>
</rdf:RDF>
</annotation>

      </species>
      <species metaid="metaid_0000057" id="boundNGFReceptor" compartment="cell" initialConcentration="0">
        <annotation>
<rdf:RDF xmlns:rdf="http://www.w3.org/1999/02/22-rdf-syntax-ns#" xmlns:dc="http://purl.org/dc/elements/1.1/" xmlns:dcterms="http://purl.org/dc/terms/">
<rdf:Description rdf:about="#metaid_0000057">
<dc:relation>
<rdf:Bag>
<rdf:li rdf:resource="http://www.uniprot.org/#P35739"/>
</rdf:Bag>
</dc:relation>
</rdf:Description>
</rdf:RDF>
</annotation>

      </species>
      <species metaid="metaid_0000058" id="SosInactive" compartment="cell" initialConcentration="120000">
        <annotation>
<rdf:RDF xmlns:rdf="http://www.w3.org/1999/02/22-rdf-syntax-ns#" xmlns:dc="http://purl.org/dc/elements/1.1/" xmlns:dcterms="http://purl.org/dc/terms/">
<rdf:Description rdf:about="#metaid_0000058">
<dc:relation>
<rdf:Bag>
<rdf:li rdf:resource="http://www.ensembl.org/#ENSRNOG00000007106"/>
<rdf:li rdf:resource="http://www.uniprot.org/#Q9Z1I1"/>
</rdf:Bag>
</dc:relation>
</rdf:Description>
</rdf:RDF>
</annotation>

      </species>
      <species metaid="metaid_0000059" id="SosActive" compartment="cell" initialConcentration="0">
        <annotation>
<rdf:RDF xmlns:rdf="http://www.w3.org/1999/02/22-rdf-syntax-ns#" xmlns:dc="http://purl.org/dc/elements/1.1/" xmlns:dcterms="http://purl.org/dc/terms/">
<rdf:Description rdf:about="#metaid_0000059">
<dc:relation>
<rdf:Bag>
<rdf:li rdf:resource="http://www.ensembl.org/#ENSRNOG00000007106"/>
<rdf:li rdf:resource="http://www.uniprot.org/#Q9Z1I1"/>
</rdf:Bag>
</dc:relation>
</rdf:Description>
</rdf:RDF>
</annotation>

      </species>
      <species metaid="metaid_0000060" id="P90RskInactive" compartment="cell" initialConcentration="120000">
        <annotation>
<rdf:RDF xmlns:rdf="http://www.w3.org/1999/02/22-rdf-syntax-ns#" xmlns:dc="http://purl.org/dc/elements/1.1/" xmlns:dcterms="http://purl.org/dc/terms/">
<rdf:Description rdf:about="#metaid_0000060">
<dc:relation>
<rdf:Bag>
<rdf:li rdf:resource="http://www.uniprot.org/#Q63531"/>
<rdf:li rdf:resource="http://www.uniprot.org/#Q9Z1I2"/>
</rdf:Bag>
</dc:relation>
</rdf:Description>
</rdf:RDF>
</annotation>

      </species>
      <species metaid="metaid_0000061" id="P90RskActive" compartment="cell" initialConcentration="0">
        <annotation>
<rdf:RDF xmlns:rdf="http://www.w3.org/1999/02/22-rdf-syntax-ns#" xmlns:dc="http://purl.org/dc/elements/1.1/" xmlns:dcterms="http://purl.org/dc/terms/">
<rdf:Description rdf:about="#metaid_0000061">
<dc:relation>
<rdf:Bag>
<rdf:li rdf:resource="http://www.uniprot.org/#Q63531"/>
<rdf:li rdf:resource="http://www.uniprot.org/#Q9Z1I2"/>
</rdf:Bag>
</dc:relation>
</rdf:Description>
</rdf:RDF>
</annotation>

      </species>
      <species metaid="metaid_0000062" id="RasInactive" compartment="cell" initialConcentration="120000">
        <annotation>
<rdf:RDF xmlns:rdf="http://www.w3.org/1999/02/22-rdf-syntax-ns#" xmlns:dc="http://purl.org/dc/elements/1.1/" xmlns:dcterms="http://purl.org/dc/terms/">
<rdf:Description rdf:about="#metaid_0000062">
<dc:relation>
<rdf:Bag>
<rdf:li rdf:resource="http://www.ebi.ac.uk/interpro/#IPR003577"/>
</rdf:Bag>
</dc:relation>
</rdf:Description>
</rdf:RDF>
</annotation>

      </species>
      <species metaid="metaid_0000063" id="RasActive" compartment="cell" initialConcentration="0">
        <annotation>
<rdf:RDF xmlns:rdf="http://www.w3.org/1999/02/22-rdf-syntax-ns#" xmlns:dc="http://purl.org/dc/elements/1.1/" xmlns:dcterms="http://purl.org/dc/terms/">
<rdf:Description rdf:about="#metaid_0000063">
<dc:relation>
<rdf:Bag>
<rdf:li rdf:resource="http://www.ebi.ac.uk/interpro/#IPR003577"/>
</rdf:Bag>
</dc:relation>
</rdf:Description>
</rdf:RDF>
</annotation>

      </species>
      <species metaid="metaid_0000064" id="RasGapActive" compartment="cell" initialConcentration="120000" constant="true">
        <annotation>
<rdf:RDF xmlns:rdf="http://www.w3.org/1999/02/22-rdf-syntax-ns#" xmlns:dc="http://purl.org/dc/elements/1.1/" xmlns:dcterms="http://purl.org/dc/terms/">
<rdf:Description rdf:about="#metaid_0000064">
<dc:relation>
<rdf:Bag>
<rdf:li rdf:resource="http://www.uniprot.org/#P50904"/>
</rdf:Bag>
</dc:relation>
</rdf:Description>
</rdf:RDF>
</annotation>

      </species>
      <species metaid="metaid_0000065" id="Raf1Inactive" compartment="cell" initialConcentration="120000">
        <annotation>
<rdf:RDF xmlns:rdf="http://www.w3.org/1999/02/22-rdf-syntax-ns#" xmlns:dc="http://purl.org/dc/elements/1.1/" xmlns:dcterms="http://purl.org/dc/terms/">
<rdf:Description rdf:about="#metaid_0000065">
<dc:relation>
<rdf:Bag>
<rdf:li rdf:resource="http://www.uniprot.org/#P11345"/>
</rdf:Bag>
</dc:relation>
</rdf:Description>
</rdf:RDF>
</annotation>

      </species>
      <species metaid="metaid_0000066" id="Raf1Active" compartment="cell" initialConcentration="0">
        <annotation>
<rdf:RDF xmlns:rdf="http://www.w3.org/1999/02/22-rdf-syntax-ns#" xmlns:dc="http://purl.org/dc/elements/1.1/" xmlns:dcterms="http://purl.org/dc/terms/">
<rdf:Description rdf:about="#metaid_0000066">
<dc:relation>
<rdf:Bag>
<rdf:li rdf:resource="http://www.uniprot.org/#P11345"/>
</rdf:Bag>
</dc:relation>
</rdf:Description>
</rdf:RDF>
</annotation>

      </species>
      <species metaid="metaid_0000067" id="BRafInactive" compartment="cell" initialConcentration="120000">
        <annotation>
<rdf:RDF xmlns:rdf="http://www.w3.org/1999/02/22-rdf-syntax-ns#" xmlns:dc="http://purl.org/dc/elements/1.1/" xmlns:dcterms="http://purl.org/dc/terms/">
<rdf:Description rdf:about="#metaid_0000067">
<dc:relation>
<rdf:Bag>
<rdf:li rdf:resource="http://www.uniprot.org/#Q99MC6"/>
</rdf:Bag>
</dc:relation>
</rdf:Description>
</rdf:RDF>
</annotation>

      </species>
      <species metaid="metaid_0000068" id="BRafActive" compartment="cell" initialConcentration="0">
        <annotation>
<rdf:RDF xmlns:rdf="http://www.w3.org/1999/02/22-rdf-syntax-ns#" xmlns:dc="http://purl.org/dc/elements/1.1/" xmlns:dcterms="http://purl.org/dc/terms/">
<rdf:Description rdf:about="#metaid_0000068">
<dc:relation>
<rdf:Bag>
<rdf:li rdf:resource="http://www.uniprot.org/#Q99MC6"/>
</rdf:Bag>
</dc:relation>
</rdf:Description>
</rdf:RDF>
</annotation>

      </species>
      <species metaid="metaid_0000069" id="MekInactive" compartment="cell" initialConcentration="600000">
        <annotation>
<rdf:RDF xmlns:rdf="http://www.w3.org/1999/02/22-rdf-syntax-ns#" xmlns:dc="http://purl.org/dc/elements/1.1/" xmlns:dcterms="http://purl.org/dc/terms/">
<rdf:Description rdf:about="#metaid_0000069">
<dc:relation>
<rdf:Bag>
<rdf:li rdf:resource="http://www.uniprot.org/#P36506"/>
<rdf:li rdf:resource="http://www.uniprot.org/#Q01986"/>
</rdf:Bag>
</dc:relation>
</rdf:Description>
</rdf:RDF>
</annotation>

      </species>
      <species metaid="metaid_0000070" id="MekActive" compartment="cell" initialConcentration="0">
        <annotation>
<rdf:RDF xmlns:rdf="http://www.w3.org/1999/02/22-rdf-syntax-ns#" xmlns:dc="http://purl.org/dc/elements/1.1/" xmlns:dcterms="http://purl.org/dc/terms/">
<rdf:Description rdf:about="#metaid_0000070">
<dc:relation>
<rdf:Bag>
<rdf:li rdf:resource="http://www.uniprot.org/#P36506"/>
<rdf:li rdf:resource="http://www.uniprot.org/#Q01986"/>
</rdf:Bag>
</dc:relation>
</rdf:Description>
</rdf:RDF>
</annotation>

      </species>
      <species metaid="metaid_0000071" id="ErkInactive" compartment="cell" initialConcentration="600000">
        <annotation>
<rdf:RDF xmlns:rdf="http://www.w3.org/1999/02/22-rdf-syntax-ns#" xmlns:dc="http://purl.org/dc/elements/1.1/" xmlns:dcterms="http://purl.org/dc/terms/">
<rdf:Description rdf:about="#metaid_0000071">
<dc:relation>
<rdf:Bag>
<rdf:li rdf:resource="http://www.uniprot.org/#P63086"/>
<rdf:li rdf:resource="http://www.uniprot.org/#P21708"/>
</rdf:Bag>
</dc:relation>
</rdf:Description>
</rdf:RDF>
</annotation>

      </species>
      <species metaid="metaid_0000072" id="ErkActive" compartment="cell" initialConcentration="0">
        <annotation>
<rdf:RDF xmlns:rdf="http://www.w3.org/1999/02/22-rdf-syntax-ns#" xmlns:dc="http://purl.org/dc/elements/1.1/" xmlns:dcterms="http://purl.org/dc/terms/">
<rdf:Description rdf:about="#metaid_0000072">
<dc:relation>
<rdf:Bag>
<rdf:li rdf:resource="http://www.uniprot.org/#P63086"/>
<rdf:li rdf:resource="http://www.uniprot.org/#P21708"/>
</rdf:Bag>
</dc:relation>
</rdf:Description>
</rdf:RDF>
</annotation>

      </species>
      <species metaid="metaid_0000073" id="PI3KInactive" compartment="cell" initialConcentration="120000">
        <annotation>
<rdf:RDF xmlns:rdf="http://www.w3.org/1999/02/22-rdf-syntax-ns#" xmlns:dc="http://purl.org/dc/elements/1.1/" xmlns:dcterms="http://purl.org/dc/terms/">
<rdf:Description rdf:about="#metaid_0000073">
<dc:relation>
<rdf:Bag>
<rdf:li rdf:resource="http://www.geneontology.org/#GO:0005942"/>
</rdf:Bag>
</dc:relation>
</rdf:Description>
</rdf:RDF>
</annotation>

      </species>
      <species metaid="metaid_0000074" id="PI3KActive" compartment="cell" initialConcentration="0">
        <annotation>
<rdf:RDF xmlns:rdf="http://www.w3.org/1999/02/22-rdf-syntax-ns#" xmlns:dc="http://purl.org/dc/elements/1.1/" xmlns:dcterms="http://purl.org/dc/terms/">
<rdf:Description rdf:about="#metaid_0000074">
<dc:relation>
<rdf:Bag>
<rdf:li rdf:resource="http://www.geneontology.org/#GO:0005942"/>
</rdf:Bag>
</dc:relation>
</rdf:Description>
</rdf:RDF>
</annotation>

      </species>
      <species metaid="metaid_0000075" id="AktInactive" compartment="cell" initialConcentration="120000">
        <annotation>
<rdf:RDF xmlns:rdf="http://www.w3.org/1999/02/22-rdf-syntax-ns#" xmlns:dc="http://purl.org/dc/elements/1.1/" xmlns:dcterms="http://purl.org/dc/terms/">
<rdf:Description rdf:about="#metaid_0000075">
<dc:relation>
<rdf:Bag>
<rdf:li rdf:resource="http://www.uniprot.org/#Q63484"/>
<rdf:li rdf:resource="http://www.uniprot.org/#P47197"/>
<rdf:li rdf:resource="http://www.uniprot.org/#P47196"/>
</rdf:Bag>
</dc:relation>
</rdf:Description>
</rdf:RDF>
</annotation>

      </species>
      <species metaid="metaid_0000076" id="AktActive" compartment="cell" initialConcentration="0">
        <annotation>
<rdf:RDF xmlns:rdf="http://www.w3.org/1999/02/22-rdf-syntax-ns#" xmlns:dc="http://purl.org/dc/elements/1.1/" xmlns:dcterms="http://purl.org/dc/terms/">
<rdf:Description rdf:about="#metaid_0000076">
<dc:relation>
<rdf:Bag>
<rdf:li rdf:resource="http://www.uniprot.org/#Q63484"/>
<rdf:li rdf:resource="http://www.uniprot.org/#P47197"/>
<rdf:li rdf:resource="http://www.uniprot.org/#P47196"/>
</rdf:Bag>
</dc:relation>
</rdf:Description>
</rdf:RDF>
</annotation>

      </species>
      <species metaid="metaid_0000077" id="C3GInactive" compartment="cell" initialConcentration="120000">
        <annotation>
<rdf:RDF xmlns:rdf="http://www.w3.org/1999/02/22-rdf-syntax-ns#" xmlns:dc="http://purl.org/dc/elements/1.1/" xmlns:dcterms="http://purl.org/dc/terms/">
<rdf:Description rdf:about="#metaid_0000077">
<dc:relation>
<rdf:Bag>
<rdf:li rdf:resource="http://www.uniprot.org/#Q9QYV3"/>
</rdf:Bag>
</dc:relation>
</rdf:Description>
</rdf:RDF>
</annotation>

      </species>
      <species metaid="metaid_0000078" id="C3GActive" compartment="cell" initialConcentration="0">
        <annotation>
<rdf:RDF xmlns:rdf="http://www.w3.org/1999/02/22-rdf-syntax-ns#" xmlns:dc="http://purl.org/dc/elements/1.1/" xmlns:dcterms="http://purl.org/dc/terms/">
<rdf:Description rdf:about="#metaid_0000078">
<dc:relation>
<rdf:Bag>
<rdf:li rdf:resource="http://www.uniprot.org/#Q9QYV3"/>
</rdf:Bag>
</dc:relation>
</rdf:Description>
</rdf:RDF>
</annotation>

      </species>
      <species metaid="metaid_0000079" id="Rap1Inactive" compartment="cell" initialConcentration="120000">
        <annotation>
<rdf:RDF xmlns:rdf="http://www.w3.org/1999/02/22-rdf-syntax-ns#" xmlns:dc="http://purl.org/dc/elements/1.1/" xmlns:dcterms="http://purl.org/dc/terms/">
<rdf:Description rdf:about="#metaid_0000079">
<dc:relation>
<rdf:Bag>
<rdf:li rdf:resource="http://www.uniprot.org/#Q62636"/>
<rdf:li rdf:resource="http://www.uniprot.org/#P10113"/>
</rdf:Bag>
</dc:relation>
</rdf:Description>
</rdf:RDF>
</annotation>

      </species>
      <species metaid="metaid_0000080" id="Rap1Active" compartment="cell" initialConcentration="0">
        <annotation>
<rdf:RDF xmlns:rdf="http://www.w3.org/1999/02/22-rdf-syntax-ns#" xmlns:dc="http://purl.org/dc/elements/1.1/" xmlns:dcterms="http://purl.org/dc/terms/">
<rdf:Description rdf:about="#metaid_0000080">
<dc:relation>
<rdf:Bag>
<rdf:li rdf:resource="http://www.uniprot.org/#Q62636"/>
<rdf:li rdf:resource="http://www.uniprot.org/#P10113"/>
</rdf:Bag>
</dc:relation>
</rdf:Description>
</rdf:RDF>
</annotation>

      </species>
      <species metaid="metaid_0000081" id="RapGapActive" compartment="cell" initialConcentration="120000" constant="true">
        <annotation>
<rdf:RDF xmlns:rdf="http://www.w3.org/1999/02/22-rdf-syntax-ns#" xmlns:dc="http://purl.org/dc/elements/1.1/" xmlns:dcterms="http://purl.org/dc/terms/">
<rdf:Description rdf:about="#metaid_0000081">
<dc:relation>
<rdf:Bag>
<rdf:li rdf:resource="http://www.uniprot.org/#P47736"/>
</rdf:Bag>
</dc:relation>
</rdf:Description>
</rdf:RDF>
</annotation>

      </species>
      <species metaid="metaid_0000082" id="PP2AActive" compartment="cell" initialConcentration="120000" constant="true">
        <annotation>
<rdf:RDF xmlns:rdf="http://www.w3.org/1999/02/22-rdf-syntax-ns#" xmlns:dc="http://purl.org/dc/elements/1.1/" xmlns:dcterms="http://purl.org/dc/terms/">
<rdf:Description rdf:about="#metaid_0000082">
<dc:relation>
<rdf:Bag>
<rdf:li rdf:resource="http://www.geneontology.org/#GO:0000159"/>
</rdf:Bag>
</dc:relation>
</rdf:Description>
</rdf:RDF>
</annotation>

      </species>
      <species metaid="metaid_0000083" id="Raf1PPtase" compartment="cell" initialConcentration="120000" constant="true"/>
    </listOfSpecies>
    <listOfParameters>
      <parameter metaid="metaid_0000003" id="krbEGF" value="2.18503e-05"/>
      <parameter metaid="metaid_0000004" id="kruEGF" value="0.0121008"/>
      <parameter metaid="metaid_0000005" id="krbNGF" value="1.38209e-07"/>
      <parameter metaid="metaid_0000006" id="kruNGF" value="0.00723811"/>
      <parameter metaid="metaid_0000007" id="kEGF" value="694.731"/>
      <parameter metaid="metaid_0000008" id="KmEGF" value="6086070"/>
      <parameter metaid="metaid_0000009" id="kNGF" value="389.428"/>
      <parameter metaid="metaid_0000010" id="KmNGF" value="2112.66"/>
      <parameter metaid="metaid_0000011" id="kdSos" value="1611.97"/>
      <parameter metaid="metaid_0000012" id="KmdSos" value="896896"/>
      <parameter metaid="metaid_0000013" id="kSos" value="32.344"/>
      <parameter metaid="metaid_0000014" id="KmSos" value="35954.3"/>
      <parameter metaid="metaid_0000015" id="kRasGap" value="1509.36"/>
      <parameter metaid="metaid_0000016" id="KmRasGap" value="1432410"/>
      <parameter metaid="metaid_0000017" id="kRasToRaf1" value="0.884096"/>
      <parameter metaid="metaid_0000018" id="KmRasToRaf1" value="62464.6"/>
      <parameter metaid="metaid_0000019" id="kpRaf1" value="185.759"/>
      <parameter metaid="metaid_0000020" id="KmpRaf1" value="4768350"/>
      <parameter metaid="metaid_0000021" id="kpBRaf" value="125.089"/>
      <parameter metaid="metaid_0000022" id="KmpBRaf" value="157948"/>
      <parameter metaid="metaid_0000023" id="kdMek" value="2.83243"/>
      <parameter metaid="metaid_0000024" id="KmdMek" value="518753"/>
      <parameter metaid="metaid_0000025" id="kpMekCytoplasmic" value="9.85367"/>
      <parameter metaid="metaid_0000026" id="KmpMekCytoplasmic" value="1007340"/>
      <parameter metaid="metaid_0000027" id="kdErk" value="8.8912"/>
      <parameter metaid="metaid_0000028" id="KmdErk" value="3496490"/>
      <parameter metaid="metaid_0000029" id="kpP90Rsk" value="0.0213697"/>
      <parameter metaid="metaid_0000030" id="KmpP90Rsk" value="763523"/>
      <parameter metaid="metaid_0000031" id="kPI3K" value="10.6737"/>
      <parameter metaid="metaid_0000032" id="KmPI3K" value="184912"/>
      <parameter metaid="metaid_0000033" id="kPI3KRas" value="0.0771067"/>
      <parameter metaid="metaid_0000034" id="KmPI3KRas" value="272056"/>
      <parameter metaid="metaid_0000035" id="kAkt" value="0.0566279"/>
      <parameter metaid="metaid_0000036" id="KmAkt" value="653951"/>
      <parameter metaid="metaid_0000037" id="kdRaf1ByAkt" value="15.1212"/>
      <parameter metaid="metaid_0000038" id="KmRaf1ByAkt" value="119355"/>
      <parameter metaid="metaid_0000039" id="kC3GNGF" value="146.912"/>
      <parameter metaid="metaid_0000040" id="KmC3GNGF" value="12876.2"/>
      <parameter metaid="metaid_0000041" id="kC3G" value="1.40145"/>
      <parameter metaid="metaid_0000042" id="KmC3G" value="10965.6"/>
      <parameter metaid="metaid_0000043" id="kRapGap" value="27.265"/>
      <parameter metaid="metaid_0000044" id="KmRapGap" value="295990"/>
      <parameter metaid="metaid_0000045" id="kRap1ToBRaf" value="2.20995"/>
      <parameter metaid="metaid_0000046" id="KmRap1ToBRaf" value="1025460"/>
      <parameter metaid="metaid_0000047" id="kdRaf1" value="0.126329"/>
      <parameter metaid="metaid_0000048" id="KmdRaf1" value="1061.71"/>
      <parameter metaid="metaid_0000049" id="kdBRaf" value="441.287"/>
      <parameter metaid="metaid_0000050" id="KmdBRaf" value="10879500"/>
    </listOfParameters>
    <listOfReactions>
      <reaction metaid="metaid_0000084" id="EGFBindingReaction" name="EGF binding">
        <annotation>
<rdf:RDF xmlns:rdf="http://www.w3.org/1999/02/22-rdf-syntax-ns#" xmlns:dc="http://purl.org/dc/elements/1.1/" xmlns:dcterms="http://purl.org/dc/terms/">
<rdf:Description rdf:about="#metaid_0000084">
<dc:relation>
<rdf:Bag>
<rdf:li rdf:resource="http://www.geneontology.org/#GO:0045741"/>
<rdf:li rdf:resource="http://www.geneontology.org/#GO:0048408"/>
</rdf:Bag>
</dc:relation>
</rdf:Description>
</rdf:RDF>
</annotation>

        <listOfReactants>
          <speciesReference species="EGF"/>
          <speciesReference species="freeEGFReceptor"/>
        </listOfReactants>
        <listOfProducts>
          <speciesReference species="boundEGFReceptor"/>
        </listOfProducts>
        <kineticLaw>
          <math xmlns="http://www.w3.org/1998/Math/MathML">
            <apply>
              <times/>
              <ci> cell </ci>
              <ci> krbEGF </ci>
              <ci> EGF </ci>
              <ci> freeEGFReceptor </ci>
            </apply>
          </math>
        </kineticLaw>
      </reaction>
      <reaction metaid="metaid_0000085" id="EGFUnbindingReaction" name="EFG unbinding">
        <annotation>
<rdf:RDF xmlns:rdf="http://www.w3.org/1999/02/22-rdf-syntax-ns#" xmlns:dc="http://purl.org/dc/elements/1.1/" xmlns:dcterms="http://purl.org/dc/terms/">
<rdf:Description rdf:about="#metaid_0000085">
<dc:relation>
<rdf:Bag>
<rdf:li rdf:resource="http://www.geneontology.org/#GO:0007175"/>
</rdf:Bag>
</dc:relation>
</rdf:Description>
</rdf:RDF>
</annotation>

        <listOfReactants>
          <speciesReference species="boundEGFReceptor"/>
        </listOfReactants>
        <listOfProducts>
          <speciesReference species="EGF"/>
          <speciesReference species="freeEGFReceptor"/>
        </listOfProducts>
        <kineticLaw>
          <math xmlns="http://www.w3.org/1998/Math/MathML">
            <apply>
              <times/>
              <ci> cell </ci>
              <ci> kruEGF </ci>
              <ci> boundEGFReceptor </ci>
            </apply>
          </math>
        </kineticLaw>
      </reaction>
      <reaction metaid="metaid_0000086" id="NGFBindingReaction" name="NGF binding">
        <annotation>
<rdf:RDF xmlns:rdf="http://www.w3.org/1999/02/22-rdf-syntax-ns#" xmlns:dc="http://purl.org/dc/elements/1.1/" xmlns:dcterms="http://purl.org/dc/terms/">
<rdf:Description rdf:about="#metaid_0000086">
<dc:relation>
<rdf:Bag>
<rdf:li rdf:resource="http://www.geneontology.org/#GO:0051396"/>
<rdf:li rdf:resource="http://www.geneontology.org/#GO:0048406"/>
</rdf:Bag>
</dc:relation>
</rdf:Description>
</rdf:RDF>
</annotation>

        <listOfReactants>
          <speciesReference species="NGF"/>
          <speciesReference species="freeNGFReceptor"/>
        </listOfReactants>
        <listOfProducts>
          <speciesReference species="boundNGFReceptor"/>
        </listOfProducts>
        <kineticLaw>
          <math xmlns="http://www.w3.org/1998/Math/MathML">
            <apply>
              <times/>
              <ci> krbNGF </ci>
              <ci> NGF </ci>
              <ci> freeNGFReceptor </ci>
              <ci> cell </ci>
            </apply>
          </math>
        </kineticLaw>
      </reaction>
      <reaction metaid="metaid_0000087" id="NGFUnbindingReaction" name="NGF unbinding">
        <annotation>
<rdf:RDF xmlns:rdf="http://www.w3.org/1999/02/22-rdf-syntax-ns#" xmlns:dc="http://purl.org/dc/elements/1.1/" xmlns:dcterms="http://purl.org/dc/terms/">
<rdf:Description rdf:about="#metaid_0000087">
<dc:relation>
<rdf:Bag>
<rdf:li rdf:resource="http://www.geneontology.org/#GO:0051395"/>
</rdf:Bag>
</dc:relation>
</rdf:Description>
</rdf:RDF>
</annotation>

        <listOfReactants>
          <speciesReference species="boundNGFReceptor"/>
        </listOfReactants>
        <listOfProducts>
          <speciesReference species="NGF"/>
          <speciesReference species="freeNGFReceptor"/>
        </listOfProducts>
        <kineticLaw>
          <math xmlns="http://www.w3.org/1998/Math/MathML">
            <apply>
              <times/>
              <ci> kruNGF </ci>
              <ci> boundNGFReceptor </ci>
              <ci> cell </ci>
            </apply>
          </math>
        </kineticLaw>
      </reaction>
      <reaction metaid="metaid_0000088" id="SosActivationByEGFReaction" name="SOS activation by EGF">
        <annotation>
<rdf:RDF xmlns:rdf="http://www.w3.org/1999/02/22-rdf-syntax-ns#" xmlns:dc="http://purl.org/dc/elements/1.1/" xmlns:dcterms="http://purl.org/dc/terms/">
<rdf:Description rdf:about="#metaid_0000088">
<dc:relation>
<rdf:Bag>
<rdf:li rdf:resource="http://www.ebi.ac.uk/IntEnz/#EC 2.7.1.37"/>
<rdf:li rdf:resource="http://www.geneontology.org/#GO:0004716"/>
</rdf:Bag>
</dc:relation>
</rdf:Description>
</rdf:RDF>
</annotation>

        <listOfReactants>
          <speciesReference species="SosInactive"/>
        </listOfReactants>
        <listOfProducts>
          <speciesReference species="SosActive"/>
        </listOfProducts>
        <listOfModifiers>
          <modifierSpeciesReference species="boundEGFReceptor"/>
        </listOfModifiers>
        <kineticLaw>
          <math xmlns="http://www.w3.org/1998/Math/MathML">
            <apply>
              <times/>
              <ci> cell </ci>
              <apply>
                <divide/>
                <apply>
                  <times/>
                  <ci> kEGF </ci>
                  <ci> boundEGFReceptor </ci>
                  <ci> SosInactive </ci>
                </apply>
                <apply>
                  <plus/>
                  <ci> SosInactive </ci>
                  <ci> KmEGF </ci>
                </apply>
              </apply>
            </apply>
          </math>
        </kineticLaw>
      </reaction>
      <reaction metaid="metaid_0000089" id="SosActivationByNGFReaction" name="SOS activation by NGF">
        <annotation>
<rdf:RDF xmlns:rdf="http://www.w3.org/1999/02/22-rdf-syntax-ns#" xmlns:dc="http://purl.org/dc/elements/1.1/" xmlns:dcterms="http://purl.org/dc/terms/">
<rdf:Description rdf:about="#metaid_0000089">
<dc:relation>
<rdf:Bag>
<rdf:li rdf:resource="http://www.ebi.ac.uk/IntEnz/#EC 2.7.1.37"/>
<rdf:li rdf:resource="http://www.geneontology.org/#GO:0004716"/>
</rdf:Bag>
</dc:relation>
</rdf:Description>
</rdf:RDF>
</annotation>

        <listOfReactants>
          <speciesReference species="SosInactive"/>
        </listOfReactants>
        <listOfProducts>
          <speciesReference species="SosActive"/>
        </listOfProducts>
        <listOfModifiers>
          <modifierSpeciesReference species="boundNGFReceptor"/>
        </listOfModifiers>
        <kineticLaw>
          <math xmlns="http://www.w3.org/1998/Math/MathML">
            <apply>
              <times/>
              <ci> cell </ci>
              <apply>
                <divide/>
                <apply>
                  <times/>
                  <ci> kNGF </ci>
                  <ci> boundNGFReceptor </ci>
                  <ci> SosInactive </ci>
                </apply>
                <apply>
                  <plus/>
                  <ci> SosInactive </ci>
                  <ci> KmNGF </ci>
                </apply>
              </apply>
            </apply>
          </math>
        </kineticLaw>
      </reaction>
      <reaction metaid="metaid_0000090" id="SosDeactivationReaction" name="SOS deactivation">
        <annotation>
<rdf:RDF xmlns:rdf="http://www.w3.org/1999/02/22-rdf-syntax-ns#" xmlns:dc="http://purl.org/dc/elements/1.1/" xmlns:dcterms="http://purl.org/dc/terms/">
<rdf:Description rdf:about="#metaid_0000090">
<dc:relation>
<rdf:Bag>
<rdf:li rdf:resource="http://www.ebi.ac.uk/IntEnz/#EC 2.7.1.37"/>
</rdf:Bag>
</dc:relation>
</rdf:Description>
</rdf:RDF>
</annotation>

        <listOfReactants>
          <speciesReference species="SosActive"/>
        </listOfReactants>
        <listOfProducts>
          <speciesReference species="SosInactive"/>
        </listOfProducts>
        <listOfModifiers>
          <modifierSpeciesReference species="P90RskActive"/>
        </listOfModifiers>
        <kineticLaw>
          <math xmlns="http://www.w3.org/1998/Math/MathML">
            <apply>
              <times/>
              <ci> cell </ci>
              <apply>
                <divide/>
                <apply>
                  <times/>
                  <ci> kdSos </ci>
                  <ci> P90RskActive </ci>
                  <ci> SosActive </ci>
                </apply>
                <apply>
                  <plus/>
                  <ci> SosActive </ci>
                  <ci> KmdSos </ci>
                </apply>
              </apply>
            </apply>
          </math>
        </kineticLaw>
      </reaction>
      <reaction metaid="metaid_0000091" id="RasActivationReaction" name="Ras activation">
        <annotation>
<rdf:RDF xmlns:rdf="http://www.w3.org/1999/02/22-rdf-syntax-ns#" xmlns:dc="http://purl.org/dc/elements/1.1/" xmlns:dcterms="http://purl.org/dc/terms/">
<rdf:Description rdf:about="#metaid_0000091">
<dc:relation>
<rdf:Bag>
<rdf:li rdf:resource="http://www.geneontology.org/#GO:0046579"/>
</rdf:Bag>
</dc:relation>
</rdf:Description>
</rdf:RDF>
</annotation>

        <listOfReactants>
          <speciesReference species="RasInactive"/>
        </listOfReactants>
        <listOfProducts>
          <speciesReference species="RasActive"/>
        </listOfProducts>
        <listOfModifiers>
          <modifierSpeciesReference species="SosActive"/>
        </listOfModifiers>
        <kineticLaw>
          <math xmlns="http://www.w3.org/1998/Math/MathML">
            <apply>
              <times/>
              <ci> cell </ci>
              <apply>
                <divide/>
                <apply>
                  <times/>
                  <ci> kSos </ci>
                  <ci> SosActive </ci>
                  <ci> RasInactive </ci>
                </apply>
                <apply>
                  <plus/>
                  <ci> RasInactive </ci>
                  <ci> KmSos </ci>
                </apply>
              </apply>
            </apply>
          </math>
        </kineticLaw>
      </reaction>
      <reaction metaid="metaid_0000092" id="RasDeactivationReaction" name="Ras deactivation">
        <annotation>
<rdf:RDF xmlns:rdf="http://www.w3.org/1999/02/22-rdf-syntax-ns#" xmlns:dc="http://purl.org/dc/elements/1.1/" xmlns:dcterms="http://purl.org/dc/terms/">
<rdf:Description rdf:about="#metaid_0000092">
<dc:relation>
<rdf:Bag>
<rdf:li rdf:resource="http://www.geneontology.org/#GO:0046580"/>
</rdf:Bag>
</dc:relation>
</rdf:Description>
</rdf:RDF>
</annotation>

        <listOfReactants>
          <speciesReference species="RasActive"/>
        </listOfReactants>
        <listOfProducts>
          <speciesReference species="RasInactive"/>
        </listOfProducts>
        <listOfModifiers>
          <modifierSpeciesReference species="RasGapActive"/>
        </listOfModifiers>
        <kineticLaw>
          <math xmlns="http://www.w3.org/1998/Math/MathML">
            <apply>
              <times/>
              <ci> cell </ci>
              <apply>
                <divide/>
                <apply>
                  <times/>
                  <ci> kRasGap </ci>
                  <ci> RasGapActive </ci>
                  <ci> RasActive </ci>
                </apply>
                <apply>
                  <plus/>
                  <ci> RasActive </ci>
                  <ci> KmRasGap </ci>
                </apply>
              </apply>
            </apply>
          </math>
        </kineticLaw>
      </reaction>
      <reaction metaid="metaid_0000093" id="Raf1ByRasActivationReaction" name="Raf1 activation by Ras">
        <annotation>
<rdf:RDF xmlns:rdf="http://www.w3.org/1999/02/22-rdf-syntax-ns#" xmlns:dc="http://purl.org/dc/elements/1.1/" xmlns:dcterms="http://purl.org/dc/terms/">
<rdf:Description rdf:about="#metaid_0000093">
<dc:relation>
<rdf:Bag>
<rdf:li rdf:resource="http://www.ebi.ac.uk/IntEnz/#EC 2.7.1.37"/>
<rdf:li rdf:resource="http://www.geneontology.org/#GO:0000185"/>
<rdf:li rdf:resource="http://www.geneontology.org/#GO:0008349"/>
</rdf:Bag>
</dc:relation>
</rdf:Description>
</rdf:RDF>
</annotation>

        <listOfReactants>
          <speciesReference species="Raf1Inactive"/>
        </listOfReactants>
        <listOfProducts>
          <speciesReference species="Raf1Active"/>
        </listOfProducts>
        <listOfModifiers>
          <modifierSpeciesReference species="RasActive"/>
        </listOfModifiers>
        <kineticLaw>
          <math xmlns="http://www.w3.org/1998/Math/MathML">
            <apply>
              <times/>
              <ci> cell </ci>
              <apply>
                <divide/>
                <apply>
                  <times/>
                  <ci> kRasToRaf1 </ci>
                  <ci> RasActive </ci>
                  <ci> Raf1Inactive </ci>
                </apply>
                <apply>
                  <plus/>
                  <ci> Raf1Inactive </ci>
                  <ci> KmRasToRaf1 </ci>
                </apply>
              </apply>
            </apply>
          </math>
        </kineticLaw>
      </reaction>
      <reaction metaid="metaid_0000094" id="MekbyRaf1ActivationReaction" name="Mek activation by Raf1">
        <annotation>
<rdf:RDF xmlns:rdf="http://www.w3.org/1999/02/22-rdf-syntax-ns#" xmlns:dc="http://purl.org/dc/elements/1.1/" xmlns:dcterms="http://purl.org/dc/terms/">
<rdf:Description rdf:about="#metaid_0000094">
<dc:relation>
<rdf:Bag>
<rdf:li rdf:resource="http://www.ebi.ac.uk/IntEnz/#EC 2.7.1.37"/>
<rdf:li rdf:resource="http://www.geneontology.org/#GO:0000186"/>
<rdf:li rdf:resource="http://www.geneontology.org/#GO:0004709"/>
</rdf:Bag>
</dc:relation>
</rdf:Description>
</rdf:RDF>
</annotation>

        <listOfReactants>
          <speciesReference species="MekInactive"/>
        </listOfReactants>
        <listOfProducts>
          <speciesReference species="MekActive"/>
        </listOfProducts>
        <listOfModifiers>
          <modifierSpeciesReference species="Raf1Active"/>
        </listOfModifiers>
        <kineticLaw>
          <math xmlns="http://www.w3.org/1998/Math/MathML">
            <apply>
              <times/>
              <ci> cell </ci>
              <apply>
                <divide/>
                <apply>
                  <times/>
                  <ci> kpRaf1 </ci>
                  <ci> Raf1Active </ci>
                  <ci> MekInactive </ci>
                </apply>
                <apply>
                  <plus/>
                  <ci> MekInactive </ci>
                  <ci> KmpRaf1 </ci>
                </apply>
              </apply>
            </apply>
          </math>
        </kineticLaw>
      </reaction>
      <reaction metaid="metaid_0000095" id="MekbyBRafActivationReaction" name="Mek activation by B-Raf">
        <annotation>
<rdf:RDF xmlns:rdf="http://www.w3.org/1999/02/22-rdf-syntax-ns#" xmlns:dc="http://purl.org/dc/elements/1.1/" xmlns:dcterms="http://purl.org/dc/terms/">
<rdf:Description rdf:about="#metaid_0000095">
<dc:relation>
<rdf:Bag>
<rdf:li rdf:resource="http://www.ebi.ac.uk/IntEnz/#EC 2.7.1.37"/>
<rdf:li rdf:resource="http://www.geneontology.org/#GO:0000186"/>
<rdf:li rdf:resource="http://www.geneontology.org/#GO:0004709"/>
</rdf:Bag>
</dc:relation>
</rdf:Description>
</rdf:RDF>
</annotation>

        <listOfReactants>
          <speciesReference species="MekInactive"/>
        </listOfReactants>
        <listOfProducts>
          <speciesReference species="MekActive"/>
        </listOfProducts>
        <listOfModifiers>
          <modifierSpeciesReference species="BRafActive"/>
        </listOfModifiers>
        <kineticLaw>
          <math xmlns="http://www.w3.org/1998/Math/MathML">
            <apply>
              <times/>
              <ci> cell </ci>
              <apply>
                <divide/>
                <apply>
                  <times/>
                  <ci> kpBRaf </ci>
                  <ci> BRafActive </ci>
                  <ci> MekInactive </ci>
                </apply>
                <apply>
                  <plus/>
                  <ci> MekInactive </ci>
                  <ci> KmpBRaf </ci>
                </apply>
              </apply>
            </apply>
          </math>
        </kineticLaw>
      </reaction>
      <reaction metaid="metaid_0000096" id="ErkActivationReaction" name="Erk activation">
        <annotation>
<rdf:RDF xmlns:rdf="http://www.w3.org/1999/02/22-rdf-syntax-ns#" xmlns:dc="http://purl.org/dc/elements/1.1/" xmlns:dcterms="http://purl.org/dc/terms/">
<rdf:Description rdf:about="#metaid_0000096">
<dc:relation>
<rdf:Bag>
<rdf:li rdf:resource="http://www.ebi.ac.uk/IntEnz/#EC 2.7.1.37"/>
<rdf:li rdf:resource="http://www.geneontology.org/#GO:0004708"/>
<rdf:li rdf:resource="http://www.geneontology.org/#GO:0000187"/>
</rdf:Bag>
</dc:relation>
</rdf:Description>
</rdf:RDF>
</annotation>

        <listOfReactants>
          <speciesReference species="ErkInactive"/>
        </listOfReactants>
        <listOfProducts>
          <speciesReference species="ErkActive"/>
        </listOfProducts>
        <listOfModifiers>
          <modifierSpeciesReference species="MekActive"/>
        </listOfModifiers>
        <kineticLaw>
          <math xmlns="http://www.w3.org/1998/Math/MathML">
            <apply>
              <times/>
              <ci> cell </ci>
              <apply>
                <divide/>
                <apply>
                  <times/>
                  <ci> kpMekCytoplasmic </ci>
                  <ci> MekActive </ci>
                  <ci> ErkInactive </ci>
                </apply>
                <apply>
                  <plus/>
                  <ci> ErkInactive </ci>
                  <ci> KmpMekCytoplasmic </ci>
                </apply>
              </apply>
            </apply>
          </math>
        </kineticLaw>
      </reaction>
      <reaction metaid="metaid_0000097" id="MekDeactivationReaction" name="Mek deactivation">
        <annotation>
<rdf:RDF xmlns:rdf="http://www.w3.org/1999/02/22-rdf-syntax-ns#" xmlns:dc="http://purl.org/dc/elements/1.1/" xmlns:dcterms="http://purl.org/dc/terms/">
<rdf:Description rdf:about="#metaid_0000097">
<dc:relation>
<rdf:Bag>
<rdf:li rdf:resource="http://www.ebi.ac.uk/IntEnz/#EC 3.1.3.16"/>
</rdf:Bag>
</dc:relation>
</rdf:Description>
</rdf:RDF>
</annotation>

        <listOfReactants>
          <speciesReference species="MekActive"/>
        </listOfReactants>
        <listOfProducts>
          <speciesReference species="MekInactive"/>
        </listOfProducts>
        <listOfModifiers>
          <modifierSpeciesReference species="PP2AActive"/>
        </listOfModifiers>
        <kineticLaw>
          <math xmlns="http://www.w3.org/1998/Math/MathML">
            <apply>
              <times/>
              <ci> cell </ci>
              <apply>
                <divide/>
                <apply>
                  <times/>
                  <ci> kdMek </ci>
                  <ci> PP2AActive </ci>
                  <ci> MekActive </ci>
                </apply>
                <apply>
                  <plus/>
                  <ci> MekActive </ci>
                  <ci> KmdMek </ci>
                </apply>
              </apply>
            </apply>
          </math>
        </kineticLaw>
      </reaction>
      <reaction metaid="metaid_0000098" id="ErkDeactivationReaction" name="Erk deactivation">
        <annotation>
<rdf:RDF xmlns:rdf="http://www.w3.org/1999/02/22-rdf-syntax-ns#" xmlns:dc="http://purl.org/dc/elements/1.1/" xmlns:dcterms="http://purl.org/dc/terms/">
<rdf:Description rdf:about="#metaid_0000098">
<dc:relation>
<rdf:Bag>
<rdf:li rdf:resource="http://www.ebi.ac.uk/IntEnz/#EC 3.1.3.16"/>
<rdf:li rdf:resource="http://www.geneontology.org/#GO:0000188"/>
</rdf:Bag>
</dc:relation>
</rdf:Description>
</rdf:RDF>
</annotation>

        <listOfReactants>
          <speciesReference species="ErkActive"/>
        </listOfReactants>
        <listOfProducts>
          <speciesReference species="ErkInactive"/>
        </listOfProducts>
        <listOfModifiers>
          <modifierSpeciesReference species="PP2AActive"/>
        </listOfModifiers>
        <kineticLaw>
          <math xmlns="http://www.w3.org/1998/Math/MathML">
            <apply>
              <times/>
              <ci> cell </ci>
              <apply>
                <divide/>
                <apply>
                  <times/>
                  <ci> kdErk </ci>
                  <ci> PP2AActive </ci>
                  <ci> ErkActive </ci>
                </apply>
                <apply>
                  <plus/>
                  <ci> ErkActive </ci>
                  <ci> KmdErk </ci>
                </apply>
              </apply>
            </apply>
          </math>
        </kineticLaw>
      </reaction>
      <reaction metaid="metaid_0000099" id="Raf1byPPtaseDeactivationReaction" name="Raf1 deactivation by PPase">
        <annotation>
<rdf:RDF xmlns:rdf="http://www.w3.org/1999/02/22-rdf-syntax-ns#" xmlns:dc="http://purl.org/dc/elements/1.1/" xmlns:dcterms="http://purl.org/dc/terms/">
<rdf:Description rdf:about="#metaid_0000099">
<dc:relation>
<rdf:Bag>
<rdf:li rdf:resource="http://www.ebi.ac.uk/IntEnz/#EC 3.1.3.16"/>
</rdf:Bag>
</dc:relation>
</rdf:Description>
</rdf:RDF>
</annotation>

        <listOfReactants>
          <speciesReference species="Raf1Active"/>
        </listOfReactants>
        <listOfProducts>
          <speciesReference species="Raf1Inactive"/>
        </listOfProducts>
        <listOfModifiers>
          <modifierSpeciesReference species="Raf1PPtase"/>
        </listOfModifiers>
        <kineticLaw>
          <math xmlns="http://www.w3.org/1998/Math/MathML">
            <apply>
              <times/>
              <ci> cell </ci>
              <apply>
                <divide/>
                <apply>
                  <times/>
                  <ci> kdRaf1 </ci>
                  <ci> Raf1PPtase </ci>
                  <ci> Raf1Active </ci>
                </apply>
                <apply>
                  <plus/>
                  <ci> Raf1Active </ci>
                  <ci> KmdRaf1 </ci>
                </apply>
              </apply>
            </apply>
          </math>
        </kineticLaw>
      </reaction>
      <reaction metaid="metaid_0000100" id="P90RskActivationReaction" name="P90Rsk activation">
        <annotation>
<rdf:RDF xmlns:rdf="http://www.w3.org/1999/02/22-rdf-syntax-ns#" xmlns:dc="http://purl.org/dc/elements/1.1/" xmlns:dcterms="http://purl.org/dc/terms/">
<rdf:Description rdf:about="#metaid_0000100">
<dc:relation>
<rdf:Bag>
<rdf:li rdf:resource="http://www.ebi.ac.uk/IntEnz/#EC 2.7.1.37"/>
<rdf:li rdf:resource="http://www.geneontology.org/#GO:0004707"/>
</rdf:Bag>
</dc:relation>
</rdf:Description>
</rdf:RDF>
</annotation>

        <listOfReactants>
          <speciesReference species="P90RskInactive"/>
        </listOfReactants>
        <listOfProducts>
          <speciesReference species="P90RskActive"/>
        </listOfProducts>
        <listOfModifiers>
          <modifierSpeciesReference species="ErkActive"/>
        </listOfModifiers>
        <kineticLaw>
          <math xmlns="http://www.w3.org/1998/Math/MathML">
            <apply>
              <times/>
              <ci> cell </ci>
              <apply>
                <divide/>
                <apply>
                  <times/>
                  <ci> kpP90Rsk </ci>
                  <ci> ErkActive </ci>
                  <ci> P90RskInactive </ci>
                </apply>
                <apply>
                  <plus/>
                  <ci> P90RskInactive </ci>
                  <ci> KmpP90Rsk </ci>
                </apply>
              </apply>
            </apply>
          </math>
        </kineticLaw>
      </reaction>
      <reaction metaid="metaid_0000101" id="PI3KbyEGFRActivationReaction" name="PI3K activation by EGFR">
        <annotation>
<rdf:RDF xmlns:rdf="http://www.w3.org/1999/02/22-rdf-syntax-ns#" xmlns:dc="http://purl.org/dc/elements/1.1/" xmlns:dcterms="http://purl.org/dc/terms/">
<rdf:Description rdf:about="#metaid_0000101">
<dc:relation>
<rdf:Bag>
<rdf:li rdf:resource="http://www.ebi.ac.uk/IntEnz/#EC 2.7.1.37"/>
</rdf:Bag>
</dc:relation>
</rdf:Description>
</rdf:RDF>
</annotation>

        <listOfReactants>
          <speciesReference species="PI3KInactive"/>
        </listOfReactants>
        <listOfProducts>
          <speciesReference species="PI3KActive"/>
        </listOfProducts>
        <listOfModifiers>
          <modifierSpeciesReference species="boundEGFReceptor"/>
        </listOfModifiers>
        <kineticLaw>
          <math xmlns="http://www.w3.org/1998/Math/MathML">
            <apply>
              <times/>
              <ci> cell </ci>
              <apply>
                <divide/>
                <apply>
                  <times/>
                  <ci> kPI3K </ci>
                  <ci> boundEGFReceptor </ci>
                  <ci> PI3KInactive </ci>
                </apply>
                <apply>
                  <plus/>
                  <ci> PI3KInactive </ci>
                  <ci> KmPI3K </ci>
                </apply>
              </apply>
            </apply>
          </math>
        </kineticLaw>
      </reaction>
      <reaction metaid="metaid_0000102" id="PI3KbyRasActivationReaction" name="PI3K activation by Ras">
        <annotation>
<rdf:RDF xmlns:rdf="http://www.w3.org/1999/02/22-rdf-syntax-ns#" xmlns:dc="http://purl.org/dc/elements/1.1/" xmlns:dcterms="http://purl.org/dc/terms/">
<rdf:Description rdf:about="#metaid_0000102">
<dc:relation>
<rdf:Bag>
<rdf:li rdf:resource="http://www.ebi.ac.uk/IntEnz/#EC 2.7.1.37"/>
<rdf:li rdf:resource="http://www.geneontology.org/#GO:0008349"/>
</rdf:Bag>
</dc:relation>
</rdf:Description>
</rdf:RDF>
</annotation>

        <listOfReactants>
          <speciesReference species="PI3KInactive"/>
        </listOfReactants>
        <listOfProducts>
          <speciesReference species="PI3KActive"/>
        </listOfProducts>
        <listOfModifiers>
          <modifierSpeciesReference species="RasActive"/>
        </listOfModifiers>
        <kineticLaw>
          <math xmlns="http://www.w3.org/1998/Math/MathML">
            <apply>
              <times/>
              <ci> cell </ci>
              <apply>
                <divide/>
                <apply>
                  <times/>
                  <ci> kPI3KRas </ci>
                  <ci> RasActive </ci>
                  <ci> PI3KInactive </ci>
                </apply>
                <apply>
                  <plus/>
                  <ci> PI3KInactive </ci>
                  <ci> KmPI3KRas </ci>
                </apply>
              </apply>
            </apply>
          </math>
        </kineticLaw>
      </reaction>
      <reaction metaid="metaid_0000103" id="AktActivationReaction" name="Akt activation">
        <annotation>
<rdf:RDF xmlns:rdf="http://www.w3.org/1999/02/22-rdf-syntax-ns#" xmlns:dc="http://purl.org/dc/elements/1.1/" xmlns:dcterms="http://purl.org/dc/terms/">
<rdf:Description rdf:about="#metaid_0000103">
<dc:relation>
<rdf:Bag>
<rdf:li rdf:resource="http://www.geneontology.org/#GO:0045860"/>
</rdf:Bag>
</dc:relation>
</rdf:Description>
</rdf:RDF>
</annotation>

        <listOfReactants>
          <speciesReference species="AktInactive"/>
        </listOfReactants>
        <listOfProducts>
          <speciesReference species="AktActive"/>
        </listOfProducts>
        <listOfModifiers>
          <modifierSpeciesReference species="PI3KActive"/>
        </listOfModifiers>
        <kineticLaw>
          <math xmlns="http://www.w3.org/1998/Math/MathML">
            <apply>
              <times/>
              <ci> cell </ci>
              <apply>
                <divide/>
                <apply>
                  <times/>
                  <ci> kAkt </ci>
                  <ci> PI3KActive </ci>
                  <ci> AktInactive </ci>
                </apply>
                <apply>
                  <plus/>
                  <ci> AktInactive </ci>
                  <ci> KmAkt </ci>
                </apply>
              </apply>
            </apply>
          </math>
        </kineticLaw>
      </reaction>
      <reaction metaid="metaid_0000104" id="Raf1ByAktDeactivationReaction" name="Raf1 deactivation by Akt">
        <annotation>
<rdf:RDF xmlns:rdf="http://www.w3.org/1999/02/22-rdf-syntax-ns#" xmlns:dc="http://purl.org/dc/elements/1.1/" xmlns:dcterms="http://purl.org/dc/terms/">
<rdf:Description rdf:about="#metaid_0000104">
<dc:relation>
<rdf:Bag>
<rdf:li rdf:resource="http://www.ebi.ac.uk/IntEnz/#EC 2.7.1.37"/>
</rdf:Bag>
</dc:relation>
</rdf:Description>
</rdf:RDF>
</annotation>

        <listOfReactants>
          <speciesReference species="Raf1Active"/>
        </listOfReactants>
        <listOfProducts>
          <speciesReference species="Raf1Inactive"/>
        </listOfProducts>
        <listOfModifiers>
          <modifierSpeciesReference species="AktActive"/>
        </listOfModifiers>
        <kineticLaw>
          <math xmlns="http://www.w3.org/1998/Math/MathML">
            <apply>
              <times/>
              <ci> cell </ci>
              <apply>
                <divide/>
                <apply>
                  <times/>
                  <ci> kdRaf1ByAkt </ci>
                  <ci> AktActive </ci>
                  <ci> Raf1Active </ci>
                </apply>
                <apply>
                  <plus/>
                  <ci> Raf1Active </ci>
                  <ci> KmRaf1ByAkt </ci>
                </apply>
              </apply>
            </apply>
          </math>
        </kineticLaw>
      </reaction>
      <reaction metaid="metaid_0000105" id="C3GActivationReaction" name="C3G activation">
        <annotation>
<rdf:RDF xmlns:rdf="http://www.w3.org/1999/02/22-rdf-syntax-ns#" xmlns:dc="http://purl.org/dc/elements/1.1/" xmlns:dcterms="http://purl.org/dc/terms/">
<rdf:Description rdf:about="#metaid_0000105">
<dc:relation>
<rdf:Bag>
<rdf:li rdf:resource="http://www.ebi.ac.uk/IntEnz/#EC 2.7.1.37"/>
<rdf:li rdf:resource="http://www.geneontology.org/#GO:0004716"/>
</rdf:Bag>
</dc:relation>
</rdf:Description>
</rdf:RDF>
</annotation>

        <listOfReactants>
          <speciesReference species="C3GInactive"/>
        </listOfReactants>
        <listOfProducts>
          <speciesReference species="C3GActive"/>
        </listOfProducts>
        <listOfModifiers>
          <modifierSpeciesReference species="boundNGFReceptor"/>
        </listOfModifiers>
        <kineticLaw>
          <math xmlns="http://www.w3.org/1998/Math/MathML">
            <apply>
              <times/>
              <ci> cell </ci>
              <apply>
                <divide/>
                <apply>
                  <times/>
                  <ci> kC3GNGF </ci>
                  <ci> boundNGFReceptor </ci>
                  <ci> C3GInactive </ci>
                </apply>
                <apply>
                  <plus/>
                  <ci> C3GInactive </ci>
                  <ci> KmC3GNGF </ci>
                </apply>
              </apply>
            </apply>
          </math>
        </kineticLaw>
      </reaction>
      <reaction metaid="metaid_0000106" id="Rap1ActivationReaction" name="Rap1 activation">
        <annotation>
<rdf:RDF xmlns:rdf="http://www.w3.org/1999/02/22-rdf-syntax-ns#" xmlns:dc="http://purl.org/dc/elements/1.1/" xmlns:dcterms="http://purl.org/dc/terms/">
<rdf:Description rdf:about="#metaid_0000106">
<dc:relation>
<rdf:Bag>
<rdf:li rdf:resource="http://www.geneontology.org/#GO:0046582"/>
</rdf:Bag>
</dc:relation>
</rdf:Description>
</rdf:RDF>
</annotation>

        <listOfReactants>
          <speciesReference species="Rap1Inactive"/>
        </listOfReactants>
        <listOfProducts>
          <speciesReference species="Rap1Active"/>
        </listOfProducts>
        <listOfModifiers>
          <modifierSpeciesReference species="C3GActive"/>
        </listOfModifiers>
        <kineticLaw>
          <math xmlns="http://www.w3.org/1998/Math/MathML">
            <apply>
              <times/>
              <ci> cell </ci>
              <apply>
                <divide/>
                <apply>
                  <times/>
                  <ci> kC3G </ci>
                  <ci> C3GActive </ci>
                  <ci> Rap1Inactive </ci>
                </apply>
                <apply>
                  <plus/>
                  <ci> Rap1Inactive </ci>
                  <ci> KmC3G </ci>
                </apply>
              </apply>
            </apply>
          </math>
        </kineticLaw>
      </reaction>
      <reaction metaid="metaid_0000107" id="Rap1DeactivationReaction" name="Rap1 deactivation">
        <listOfReactants>
          <speciesReference species="Rap1Active"/>
        </listOfReactants>
        <listOfProducts>
          <speciesReference species="Rap1Inactive"/>
        </listOfProducts>
        <listOfModifiers>
          <modifierSpeciesReference species="RapGapActive"/>
        </listOfModifiers>
        <kineticLaw>
          <math xmlns="http://www.w3.org/1998/Math/MathML">
            <apply>
              <times/>
              <ci> cell </ci>
              <apply>
                <divide/>
                <apply>
                  <times/>
                  <ci> kRapGap </ci>
                  <ci> RapGapActive </ci>
                  <ci> Rap1Active </ci>
                </apply>
                <apply>
                  <plus/>
                  <ci> Rap1Active </ci>
                  <ci> KmRapGap </ci>
                </apply>
              </apply>
            </apply>
          </math>
        </kineticLaw>
      </reaction>
      <reaction metaid="metaid_0000108" id="BRafByRap1ActivationReaction" name="BRaf activation by Rap1">
        <annotation>
<rdf:RDF xmlns:rdf="http://www.w3.org/1999/02/22-rdf-syntax-ns#" xmlns:dc="http://purl.org/dc/elements/1.1/" xmlns:dcterms="http://purl.org/dc/terms/">
<rdf:Description rdf:about="#metaid_0000108">
<dc:relation>
<rdf:Bag>
<rdf:li rdf:resource="http://www.ebi.ac.uk/IntEnz/#EC 2.7.1.37"/>
<rdf:li rdf:resource="http://www.geneontology.org/#GO:0000185"/>
</rdf:Bag>
</dc:relation>
</rdf:Description>
</rdf:RDF>
</annotation>

        <listOfReactants>
          <speciesReference species="BRafInactive"/>
        </listOfReactants>
        <listOfProducts>
          <speciesReference species="BRafActive"/>
        </listOfProducts>
        <listOfModifiers>
          <modifierSpeciesReference species="Rap1Active"/>
        </listOfModifiers>
        <kineticLaw>
          <math xmlns="http://www.w3.org/1998/Math/MathML">
            <apply>
              <times/>
              <ci> cell </ci>
              <apply>
                <divide/>
                <apply>
                  <times/>
                  <ci> kRap1ToBRaf </ci>
                  <ci> Rap1Active </ci>
                  <ci> BRafInactive </ci>
                </apply>
                <apply>
                  <plus/>
                  <ci> BRafInactive </ci>
                  <ci> KmRap1ToBRaf </ci>
                </apply>
              </apply>
            </apply>
          </math>
        </kineticLaw>
      </reaction>
      <reaction metaid="metaid_0000109" id="BRafbyPPtaseDeactivationReaction" name="BRaf deactivation by PPase">
        <annotation>
<rdf:RDF xmlns:rdf="http://www.w3.org/1999/02/22-rdf-syntax-ns#" xmlns:dc="http://purl.org/dc/elements/1.1/" xmlns:dcterms="http://purl.org/dc/terms/">
<rdf:Description rdf:about="#metaid_0000109">
<dc:relation>
<rdf:Bag>
<rdf:li rdf:resource="http://www.ebi.ac.uk/IntEnz/#EC 3.1.3.16"/>
</rdf:Bag>
</dc:relation>
</rdf:Description>
</rdf:RDF>
</annotation>

        <listOfReactants>
          <speciesReference species="BRafActive"/>
        </listOfReactants>
        <listOfProducts>
          <speciesReference species="BRafInactive"/>
        </listOfProducts>
        <listOfModifiers>
          <modifierSpeciesReference species="Raf1PPtase"/>
        </listOfModifiers>
        <kineticLaw>
          <math xmlns="http://www.w3.org/1998/Math/MathML">
            <apply>
              <times/>
              <ci> cell </ci>
              <apply>
                <divide/>
                <apply>
                  <times/>
                  <ci> kdBRaf </ci>
                  <ci> Raf1PPtase </ci>
                  <ci> BRafActive </ci>
                </apply>
                <apply>
                  <plus/>
                  <ci> BRafActive </ci>
                  <ci> KmdBRaf </ci>
                </apply>
              </apply>
            </apply>
          </math>
        </kineticLaw>
      </reaction>
    </listOfReactions>
  </model>
</sbml>
