<?xml version="1.0" encoding="UTF-8"?>
<!-- Generated 14-January-2005 18:33:44.047929 -->
<!-- Generated by MathSBML 2.4.6 (14-January-2005) -->
<!-- Generated using Mathematica Version 5.1 for Mac OS X (October 25, 2004) -->
<sbml level="2" metaid="_180324" version="1" xmlns="http://www.sbml.org/sbml/level2">
 <annotation>
<rdf:RDF xmlns:dc="http://purl.org/dc/elements/1.1/" xmlns:dcterms="http://purl.org/dc/terms/" xmlns:rdf="http://www.w3.org/1999/02/22-rdf-syntax-ns#" xmlns:vCard="http://www.w3.org/2001/vcard-rdf/3.0#">
<rdf:Description rdf:about="#_180324">
<dc:contributor rdf:parseType="Resource">
<vCard:N rdf:parseType="Resource">
<vCard:Family>Le Novère</vCard:Family>
<vCard:Given>Nicolas</vCard:Given>
</vCard:N>
<vCard:EMAIL>lenov@ebi.ac.uk</vCard:EMAIL>
<vCard:ORG>
<vCard:Orgname>EMBL-EBI</vCard:Orgname>
</vCard:ORG>
</dc:contributor>
<dcterms:created rdf:parseType="Resource">
<dcterms:W3CDTF>2005-02-06T23:39:40</dcterms:W3CDTF>
</dcterms:created>
<dcterms:modified rdf:parseType="Resource">
<dcterms:W3CDTF>2005-06-27T16:53:31</dcterms:W3CDTF>
</dcterms:modified>
</rdf:Description>
</rdf:RDF>
</annotation>
<model id="GMO" metaid="_180340" name="Goldbeter1991_MinMitOscil">
  <notes>
   <body xmlns="http://www.w3.org/1999/xhtml">
    <p>
     <h2>
      <center>A Simple Mitotic Oscillator</center>
     </h2>
    </p>
    <p>Reference:Goldbeter A (1991)<i>A minimal cascade model for the mitotic oscillator involving cyclin and cdc2 kinase</i>, PNAS 88:9107-9111<br/>Web Reference:<a href="http://www.pnas.org/cgi/content/abstract/88/20/9107">http://www.pnas.org/cgi/content/abstract/88/20/9107</a>
</p>
    <p style="font-size: x-small;">This is a Systems Biology Markup Language (SBML) file, generated by MathSBML 2.4.6 (14-January-2005) 14-January-2005 18:33:39.806932. SBML is a form of XML, and most XML files will not display properly in an internet browser. To view the contents of an XML file use the "Page Source" or equivalent button on you browser.</p>
   </body>
  </notes>
        <annotation>
            <rdf:RDF xmlns:dc="http://purl.org/dc/elements/1.1/" xmlns:dcterms="http://purl.org/dc/terms/" xmlns:rdf="http://www.w3.org/1999/02/22-rdf-syntax-ns#" xmlns:vCard="http://www.w3.org/2001/vcard-rdf/3.0#">
            <rdf:Description rdf:about="#_180340">
                  
<dc:relation>
<rdf:Bag>
<rdf:li rdf:resource="http://www.ncbi.nlm.nih.gov/Taxonomy/#8292"/>
<rdf:li rdf:resource="http://www.geneontology.org/#GO:0000278"/>

<rdf:li rdf:resource="http://www.reactome.org/#69278"/>


<rdf:li rdf:resource="http://www.ebi.ac.uk/biomodels/#BIOMD0000000003"/>
<rdf:li rdf:resource="http://www.ncbi.nlm.nih.gov/PubMed/#1833774"/>
<rdf:li rdf:resource="http://www.genome.jp/kegg/pathway/#hsa04110"/>
</rdf:Bag>
</dc:relation>
<dc:creator rdf:parseType="Resource">
<rdf:Bag>
<rdf:li rdf:parseType="Resource">
<vCard:N rdf:parseType="Resource">
<vCard:Family>Shapiro</vCard:Family>
<vCard:Given>Bruce</vCard:Given>
</vCard:N>
<vCard:EMAIL>bshapiro@jpl.nasa.gov</vCard:EMAIL>
<vCard:ORG>
<vCard:Orgname>NASA Jet Propulsion Laboratory</vCard:Orgname>
</vCard:ORG>
</rdf:li>
</rdf:Bag>
</dc:creator>
</rdf:Description>
</rdf:RDF>   
        </annotation>
  <!-- <listOfFunctionDefinitions/> -->
  <!-- <listOfUnitDefinitions/> -->
  <listOfCompartments>
   <compartment id="cell" metaid="_230461" name="cell" size="1" spatialDimensions="3" units="volume">
<annotation>
<rdf:RDF xmlns:dc="http://purl.org/dc/elements/1.1/" xmlns:dcterms="http://purl.org/dc/terms/" xmlns:rdf="http://www.w3.org/1999/02/22-rdf-syntax-ns#" xmlns:vCard="http://www.w3.org/2001/vcard-rdf/3.0#">
<rdf:Description rdf:about="#_230461">
<dc:relation>
<rdf:Bag>
<rdf:li rdf:resource="http://www.geneontology.org/#GO:0005623"/>
</rdf:Bag>
</dc:relation>
</rdf:Description>
</rdf:RDF>
</annotation>
</compartment>
  </listOfCompartments>
  <listOfSpecies>
   <species boundaryCondition="false" compartment="cell" constant="false" hasOnlySubstanceUnits="false" id="C" initialConcentration="0.01" metaid="_230475" name="Cyclin" spatialSizeUnits="volume" substanceUnits="substance">
<annotation>
<rdf:RDF xmlns:rdf="http://www.w3.org/1999/02/22-rdf-syntax-ns#" xmlns:dc="http://purl.org/dc/elements/1.1/" xmlns:dcterms="http://purl.org/dc/terms/" xmlns:vCard="http://www.w3.org/2001/vcard-rdf/3.0#">
<rdf:Description rdf:about="#_230475">
<dc:relation>
<rdf:Bag>
<rdf:li rdf:resource="http://www.ebi.ac.uk/interpro/#IPR006670"/>
</rdf:Bag>
</dc:relation>
</rdf:Description>
</rdf:RDF>
</annotation>
</species>
   <species boundaryCondition="false" compartment="cell" constant="false" hasOnlySubstanceUnits="false" id="M" initialConcentration="0.01" metaid="_230495" name="CDC-2 Kinase" spatialSizeUnits="volume" substanceUnits="substance">
<annotation>
<rdf:RDF xmlns:rdf="http://www.w3.org/1999/02/22-rdf-syntax-ns#" xmlns:dc="http://purl.org/dc/elements/1.1/" xmlns:dcterms="http://purl.org/dc/terms/" xmlns:vCard="http://www.w3.org/2001/vcard-rdf/3.0#">
<rdf:Description rdf:about="#_230495">
<dc:relation>
<rdf:Bag>
<rdf:li rdf:resource="http://www.uniprot.org/#P35567"/>
<rdf:li rdf:resource="http://www.uniprot.org/#P24033"/>
</rdf:Bag>
</dc:relation>
</rdf:Description>
</rdf:RDF>
</annotation>
</species>
   <species boundaryCondition="false" compartment="cell" constant="false" hasOnlySubstanceUnits="false" id="X" initialConcentration="0.01" metaid="_230515" name="Cyclin Protease" spatialSizeUnits="volume" substanceUnits="substance"/>
  </listOfSpecies>
  <listOfParameters>
   <parameter constant="false" id="V1" name="V1"/>
   <parameter constant="false" id="V3" name="V3"/>
   <parameter id="VM1" name="VM1" value="3"/>
   <parameter id="VM3" name="VM3" value="1"/>
   <parameter id="Kc" name="Kc" value="0.5"/>
  </listOfParameters>
  <listOfRules>
   <assignmentRule metaid="rule1" variable="V1">
    <math xmlns="http://www.w3.org/1998/Math/MathML">
     <apply>
      <times/>
      <ci>C</ci>
      <ci>VM1</ci>
      <apply>
       <power/>
       <apply>
        <plus/>
        <ci>C</ci>
        <ci>Kc</ci>
       </apply>
       <cn type="integer">-1</cn>
      </apply>
     </apply>
    </math>
   </assignmentRule>
   <assignmentRule metaid="rule2" variable="V3">
    <math xmlns="http://www.w3.org/1998/Math/MathML">
     <apply>
      <times/>
      <ci>M</ci>
      <ci>VM3</ci>
     </apply>
    </math>
   </assignmentRule>
  </listOfRules>
  <listOfReactions>
   <reaction fast="false" id="reaction1" metaid="_230535" name="creation of cyclin" reversible="false">
    <!-- <listOfReactants/> -->
    <listOfProducts>
     <speciesReference species="C"/>
    </listOfProducts>
    <!-- <listOfModifiers/> -->
    <kineticLaw substanceUnits="substance" timeUnits="time">
     <math xmlns="http://www.w3.org/1998/Math/MathML">
      <apply>
       <times/>
       <ci>cell</ci>
       <ci>vi</ci>
      </apply>
     </math>
     <listOfParameters>
      <parameter id="vi" value="0.025"/>
     </listOfParameters>
    </kineticLaw>
   </reaction>
   <reaction fast="false" id="reaction2" metaid="_230555" name="default degradation of cyclin" reversible="false">
    <annotation>
<rdf:RDF xmlns:dc="http://purl.org/dc/elements/1.1/" xmlns:dcterms="http://purl.org/dc/terms/" xmlns:rdf="http://www.w3.org/1999/02/22-rdf-syntax-ns#" xmlns:vCard="http://www.w3.org/2001/vcard-rdf/3.0#">
<rdf:Description rdf:about="#_230555">
<dc:relation>
<rdf:Bag>
<rdf:li rdf:resource="http://www.geneontology.org/#GO:0008054"/>
</rdf:Bag>
</dc:relation>
</rdf:Description>
</rdf:RDF>
</annotation>
<listOfReactants>
     <speciesReference species="C"/>
    </listOfReactants>
    <!-- <listOfProducts/> -->
    <!-- <listOfModifiers/> -->
    <kineticLaw substanceUnits="substance" timeUnits="time">
     <math xmlns="http://www.w3.org/1998/Math/MathML">
      <apply>
       <times/>
       <ci>C</ci>
       <ci>cell</ci>
       <ci>kd</ci>
      </apply>
     </math>
     <listOfParameters>
      <parameter id="kd" value="0.01"/>
     </listOfParameters>
    </kineticLaw>
   </reaction>
   <reaction fast="false" id="reaction3" metaid="_230575" name="cdc2 kinase triggered degration of cyclin" reversible="false">
    <annotation>
<rdf:RDF xmlns:dc="http://purl.org/dc/elements/1.1/" xmlns:dcterms="http://purl.org/dc/terms/" xmlns:rdf="http://www.w3.org/1999/02/22-rdf-syntax-ns#" xmlns:vCard="http://www.w3.org/2001/vcard-rdf/3.0#">
<rdf:Description rdf:about="#_230575">
<dc:relation>
<rdf:Bag>
<rdf:li rdf:resource="http://www.geneontology.org/#GO:0008054"/>
<rdf:li rdf:resource="http://www.reactome.org/#69271"/>
<rdf:li rdf:resource="http://www.reactome.org/#69766"/>
</rdf:Bag>
</dc:relation>
</rdf:Description>
</rdf:RDF>
</annotation>
<listOfReactants>
     <speciesReference species="C"/>
    </listOfReactants>
    <!-- <listOfProducts/> -->
    <listOfModifiers>
     <modifierSpeciesReference species="X"/>
    </listOfModifiers>
    <kineticLaw substanceUnits="substance" timeUnits="time">
     <math xmlns="http://www.w3.org/1998/Math/MathML">
      <apply>
       <times/>
       <ci>C</ci>
       <ci>cell</ci>
       <ci>vd</ci>
       <ci>X</ci>
       <apply>
        <power/>
        <apply>
         <plus/>
         <ci>C</ci>
         <ci>Kd</ci>
        </apply>
        <cn type="integer">-1</cn>
       </apply>
      </apply>
     </math>
     <listOfParameters>
      <parameter id="vd" value="0.25"/>
      <parameter id="Kd" value="0.02"/>
     </listOfParameters>
    </kineticLaw>
   </reaction>
   <reaction fast="false" id="reaction4" metaid="_230595" name="activation of cdc2 kinase" reversible="false">
    <!-- <listOfReactants/> -->
    <annotation>
<rdf:RDF xmlns:dc="http://purl.org/dc/elements/1.1/" xmlns:dcterms="http://purl.org/dc/terms/" xmlns:rdf="http://www.w3.org/1999/02/22-rdf-syntax-ns#" xmlns:vCard="http://www.w3.org/2001/vcard-rdf/3.0#">
<rdf:Description rdf:about="#_230595">
<dc:relation>
<rdf:Bag>
<rdf:li rdf:resource="http://www.geneontology.org/#GO:0045737"/>

<rdf:li rdf:resource="http://www.reactome.org/#69263"/>
<rdf:li rdf:resource="http://www.ebi.ac.uk/IntEnz/#EC 3.1.3.16"/>
</rdf:Bag>
</dc:relation>
</rdf:Description>
</rdf:RDF>
</annotation>
<listOfProducts>
     <speciesReference species="M"/>
    </listOfProducts>
    <!-- <listOfModifiers/> -->
    <kineticLaw substanceUnits="substance" timeUnits="time">
     <math xmlns="http://www.w3.org/1998/Math/MathML">
      <apply>
       <times/>
       <ci>cell</ci>
       <apply>
        <plus/>
        <cn type="integer">1</cn>
        <apply>
         <times/>
         <cn type="integer">-1</cn>
         <ci>M</ci>
        </apply>
       </apply>
       <ci>V1</ci>
       <apply>
        <power/>
        <apply>
         <plus/>
         <ci>K1</ci>
         <apply>
          <times/>
          <cn type="integer">-1</cn>
          <ci>M</ci>
         </apply>
         <cn type="integer">1</cn>
        </apply>
        <cn type="integer">-1</cn>
       </apply>
      </apply>
     </math>
     <listOfParameters>
      <parameter id="K1" value="0.005"/>
     </listOfParameters>
    </kineticLaw>
   </reaction>
   <reaction fast="false" id="reaction5" metaid="_230615" name="deactivation of cdc2 kinase" reversible="false">
    <annotation>
<rdf:RDF xmlns:dc="http://purl.org/dc/elements/1.1/" xmlns:dcterms="http://purl.org/dc/terms/" xmlns:rdf="http://www.w3.org/1999/02/22-rdf-syntax-ns#" xmlns:vCard="http://www.w3.org/2001/vcard-rdf/3.0#">
<rdf:Description rdf:about="#_230615">
<dc:relation>
<rdf:Bag>
<rdf:li rdf:resource="http://www.geneontology.org/#GO:0045736"/>

<rdf:li rdf:resource="http://www.reactome.org/#69260"/>
<rdf:li rdf:resource="http://www.ebi.ac.uk/IntEnz/#EC 2.7.1.37"/>
</rdf:Bag>
</dc:relation>
</rdf:Description>
</rdf:RDF>
</annotation>
<listOfReactants>
     <speciesReference species="M"/>
    </listOfReactants>
    <!-- <listOfProducts/> -->
    <!-- <listOfModifiers/> -->
    <kineticLaw substanceUnits="substance" timeUnits="time">
     <math xmlns="http://www.w3.org/1998/Math/MathML">
      <apply>
       <times/>
       <ci>cell</ci>
       <ci>M</ci>
       <ci>V2</ci>
       <apply>
        <power/>
        <apply>
         <plus/>
         <ci>K2</ci>
         <ci>M</ci>
        </apply>
        <cn type="integer">-1</cn>
       </apply>
      </apply>
     </math>
     <listOfParameters>
      <parameter id="V2" value="1.5"/>
      <parameter id="K2" value="0.005"/>
     </listOfParameters>
    </kineticLaw>
   </reaction>
   <reaction fast="false" id="reaction6" metaid="_230635" name="activation of cyclin protease" reversible="false">
    <!-- <listOfReactants/> -->
    <annotation>
<rdf:RDF xmlns:dc="http://purl.org/dc/elements/1.1/" xmlns:dcterms="http://purl.org/dc/terms/" xmlns:rdf="http://www.w3.org/1999/02/22-rdf-syntax-ns#" xmlns:vCard="http://www.w3.org/2001/vcard-rdf/3.0#">
<rdf:Description rdf:about="#_230635">
<dc:relation>
<rdf:Bag>
<rdf:li rdf:resource="http://www.reactome.org/#69270"/>
</rdf:Bag>
</dc:relation>
</rdf:Description>
</rdf:RDF>
</annotation>
<listOfProducts>
     <speciesReference species="X"/>
    </listOfProducts>
    <!-- <listOfModifiers/> -->
    <kineticLaw substanceUnits="substance" timeUnits="time">
     <math xmlns="http://www.w3.org/1998/Math/MathML">
      <apply>
       <times/>
       <ci>cell</ci>
       <ci>V3</ci>
       <apply>
        <plus/>
        <cn type="integer">1</cn>
        <apply>
         <times/>
         <cn type="integer">-1</cn>
         <ci>X</ci>
        </apply>
       </apply>
       <apply>
        <power/>
        <apply>
         <plus/>
         <ci>K3</ci>
         <apply>
          <times/>
          <cn type="integer">-1</cn>
          <ci>X</ci>
         </apply>
         <cn type="integer">1</cn>
        </apply>
        <cn type="integer">-1</cn>
       </apply>
      </apply>
     </math>
     <listOfParameters>
      <parameter id="K3" value="0.005"/>
     </listOfParameters>
    </kineticLaw>
   </reaction>
   <reaction fast="false" id="reaction7" metaid="_230655" name="deactivation of cyclin protease" reversible="false">
    <listOfReactants>
     <speciesReference species="X"/>
    </listOfReactants>
    <!-- <listOfProducts/> -->
    <!-- <listOfModifiers/> -->
    <kineticLaw substanceUnits="substance" timeUnits="time">
     <math xmlns="http://www.w3.org/1998/Math/MathML">
      <apply>
       <times/>
       <ci>cell</ci>
       <ci>V4</ci>
       <ci>X</ci>
       <apply>
        <power/>
        <apply>
         <plus/>
         <ci>K4</ci>
         <ci>X</ci>
        </apply>
        <cn type="integer">-1</cn>
       </apply>
      </apply>
     </math>
     <listOfParameters>
      <parameter id="K4" value="0.005"/>
      <parameter id="V4" value="0.5"/>
     </listOfParameters>
    </kineticLaw>
   </reaction>
  </listOfReactions>
  <!-- <listOfEvents/> -->
 </model>
</sbml>