<?xml version="1.0" encoding="UTF-8"?>
<sbml level="2" metaid="_492719" version="1" xmlns="http://www.sbml.org/sbml/level2">
  <annotation>
<rdf:RDF xmlns:dc="http://purl.org/dc/elements/1.1/" xmlns:dcterms="http://purl.org/dc/terms/" xmlns:rdf="http://www.w3.org/1999/02/22-rdf-syntax-ns#" xmlns:vCard="http://www.w3.org/2001/vcard-rdf/3.0#">
<rdf:Description rdf:about="#_492719">
<dc:contributor rdf:parseType="Resource">
<vCard:N rdf:parseType="Resource">
<vCard:Family>Le Novère</vCard:Family>
<vCard:Given>Nicolas</vCard:Given>
</vCard:N>
<vCard:EMAIL>lenov@ebi.ac.uk</vCard:EMAIL>
<vCard:ORG>
<vCard:Orgname>EMBL-EBI</vCard:Orgname>
</vCard:ORG>
</dc:contributor>
<dcterms:created rdf:parseType="Resource">
<dcterms:W3CDTF>2005-02-12T00:18:12</dcterms:W3CDTF>
</dcterms:created>
<dcterms:modified rdf:parseType="Resource">
<dcterms:W3CDTF>2005-05-27T17:56:56</dcterms:W3CDTF>
</dcterms:modified>
</rdf:Description>
</rdf:RDF>
</annotation>
<model id="Kholodenko2000_MAPK_feedback" metaid="_000001">
    <annotation>
      <rdf:RDF xmlns:dc="http://purl.org/dc/elements/1.1/" xmlns:dcterms="http://purl.org/dc/terms/" xmlns:rdf="http://www.w3.org/1999/02/22-rdf-syntax-ns#" xmlns:vCard="http://www.w3.org/2001/vcard-rdf/3.0#">
        <rdf:Description rdf:about="#_000001">
                  
<dc:relation>
<rdf:Bag>
<rdf:li rdf:resource="http://www.ebi.ac.uk/biomodels/#BIOMD0000000010"/>

<rdf:li rdf:resource="http://www.geneontology.org/#GO:0000165"/>
<rdf:li rdf:resource="http://www.ncbi.nlm.nih.gov/Taxonomy/#8355"/>
<rdf:li rdf:resource="http://www.ncbi.nlm.nih.gov/PubMed/#10712587"/>
</rdf:Bag>
</dc:relation>

<dc:creator rdf:parseType="Resource">
<rdf:Bag>
<rdf:li rdf:parseType="Resource">
<vCard:N rdf:parseType="Resource">
<vCard:Family>Sauro</vCard:Family>
<vCard:Given>Herbert</vCard:Given>
</vCard:N>
<vCard:EMAIL>Herbert_Sauro@kgi.edu</vCard:EMAIL>
<vCard:ORG>
<vCard:Orgname>Keck graduate institute</vCard:Orgname>
</vCard:ORG>
</rdf:li>
</rdf:Bag>
</dc:creator>
</rdf:Description>
      </rdf:RDF>
    </annotation>
    <listOfCompartments>
      <compartment id="uVol" metaid="_584463" size="1"/>
    </listOfCompartments>
    <listOfSpecies>
      <species compartment="uVol" hasOnlySubstanceUnits="true" id="MKKK" initialAmount="90" metaid="_584475" name="MAPKKK">
<annotation>
<rdf:RDF xmlns:dc="http://purl.org/dc/elements/1.1/" xmlns:dcterms="http://purl.org/dc/terms/" xmlns:rdf="http://www.w3.org/1999/02/22-rdf-syntax-ns#" xmlns:vCard="http://www.w3.org/2001/vcard-rdf/3.0#">
<rdf:Description rdf:about="#_584475">
<dc:relation>
<rdf:Bag>
<rdf:li rdf:resource="http://www.uniprot.org/#P09560"/>
</rdf:Bag>
</dc:relation>
</rdf:Description>
</rdf:RDF>
</annotation>
</species>
      <species compartment="uVol" hasOnlySubstanceUnits="true" id="MKKK_P" initialAmount="10" metaid="_584495" name="MAPKKK-P">
<annotation>
<rdf:RDF xmlns:dc="http://purl.org/dc/elements/1.1/" xmlns:dcterms="http://purl.org/dc/terms/" xmlns:rdf="http://www.w3.org/1999/02/22-rdf-syntax-ns#" xmlns:vCard="http://www.w3.org/2001/vcard-rdf/3.0#">
<rdf:Description rdf:about="#_584495">
<dc:relation>
<rdf:Bag>
<rdf:li rdf:resource="http://www.uniprot.org/#P09560"/>
</rdf:Bag>
</dc:relation>
</rdf:Description>
</rdf:RDF>
</annotation>
</species>
      <species compartment="uVol" hasOnlySubstanceUnits="true" id="MKK" initialAmount="280" metaid="_584515" name="MAPKK">
<annotation>
<rdf:RDF xmlns:dc="http://purl.org/dc/elements/1.1/" xmlns:dcterms="http://purl.org/dc/terms/" xmlns:rdf="http://www.w3.org/1999/02/22-rdf-syntax-ns#" xmlns:vCard="http://www.w3.org/2001/vcard-rdf/3.0#">
<rdf:Description rdf:about="#_584515">
<dc:relation>
<rdf:Bag>
<rdf:li rdf:resource="http://www.uniprot.org/#Q05116"/>
</rdf:Bag>
</dc:relation>
</rdf:Description>
</rdf:RDF>
</annotation>
</species>
      <species compartment="uVol" hasOnlySubstanceUnits="true" id="MKK_P" initialAmount="10" metaid="_584535" name="MAPKK-P">
<annotation>
<rdf:RDF xmlns:dc="http://purl.org/dc/elements/1.1/" xmlns:dcterms="http://purl.org/dc/terms/" xmlns:rdf="http://www.w3.org/1999/02/22-rdf-syntax-ns#" xmlns:vCard="http://www.w3.org/2001/vcard-rdf/3.0#">
<rdf:Description rdf:about="#_584535">
<dc:relation>
<rdf:Bag>
<rdf:li rdf:resource="http://www.uniprot.org/#Q05116"/>
</rdf:Bag>
</dc:relation>
</rdf:Description>
</rdf:RDF>
</annotation>
</species>
      <species compartment="uVol" hasOnlySubstanceUnits="true" id="MKK_PP" initialAmount="10" metaid="_584555" name="MAPKK-PP">
<annotation>
<rdf:RDF xmlns:dc="http://purl.org/dc/elements/1.1/" xmlns:dcterms="http://purl.org/dc/terms/" xmlns:rdf="http://www.w3.org/1999/02/22-rdf-syntax-ns#" xmlns:vCard="http://www.w3.org/2001/vcard-rdf/3.0#">
<rdf:Description rdf:about="#_584555">
<dc:relation>
<rdf:Bag>
<rdf:li rdf:resource="http://www.uniprot.org/#Q05116"/>
</rdf:Bag>
</dc:relation>
</rdf:Description>
</rdf:RDF>
</annotation>
</species>
      <species compartment="uVol" hasOnlySubstanceUnits="true" id="MAPK" initialAmount="280" metaid="_584575" name="MAPK">
<annotation>
<rdf:RDF xmlns:dc="http://purl.org/dc/elements/1.1/" xmlns:dcterms="http://purl.org/dc/terms/" xmlns:rdf="http://www.w3.org/1999/02/22-rdf-syntax-ns#" xmlns:vCard="http://www.w3.org/2001/vcard-rdf/3.0#">
<rdf:Description rdf:about="#_584575">
<dc:relation>
<rdf:Bag>
<rdf:li rdf:resource="http://www.uniprot.org/#P26696"/>
</rdf:Bag>
</dc:relation>
</rdf:Description>
</rdf:RDF>
</annotation>
</species>
      <species compartment="uVol" hasOnlySubstanceUnits="true" id="MAPK_P" initialAmount="10" metaid="_584595" name="MAPK-P">
<annotation>
<rdf:RDF xmlns:dc="http://purl.org/dc/elements/1.1/" xmlns:dcterms="http://purl.org/dc/terms/" xmlns:rdf="http://www.w3.org/1999/02/22-rdf-syntax-ns#" xmlns:vCard="http://www.w3.org/2001/vcard-rdf/3.0#">
<rdf:Description rdf:about="#_584595">
<dc:relation>
<rdf:Bag>
<rdf:li rdf:resource="http://www.uniprot.org/#P26696"/>
</rdf:Bag>
</dc:relation>
</rdf:Description>
</rdf:RDF>
</annotation>
</species>
      <species compartment="uVol" hasOnlySubstanceUnits="true" id="MAPK_PP" initialAmount="10" metaid="_584615" name="MAPK-PP">
<annotation>
<rdf:RDF xmlns:dc="http://purl.org/dc/elements/1.1/" xmlns:dcterms="http://purl.org/dc/terms/" xmlns:rdf="http://www.w3.org/1999/02/22-rdf-syntax-ns#" xmlns:vCard="http://www.w3.org/2001/vcard-rdf/3.0#">
<rdf:Description rdf:about="#_584615">
<dc:relation>
<rdf:Bag>
<rdf:li rdf:resource="http://www.uniprot.org/#P26696"/>
</rdf:Bag>
</dc:relation>
</rdf:Description>
</rdf:RDF>
</annotation>
</species>
    </listOfSpecies>
    <listOfReactions>
      <reaction id="J0" metaid="_584635" name="MAPKKK activation" reversible="false">
        <annotation>
<rdf:RDF xmlns:dc="http://purl.org/dc/elements/1.1/" xmlns:dcterms="http://purl.org/dc/terms/" xmlns:rdf="http://www.w3.org/1999/02/22-rdf-syntax-ns#" xmlns:vCard="http://www.w3.org/2001/vcard-rdf/3.0#">
<rdf:Description rdf:about="#_584635">
<dc:relation>
<rdf:Bag>
<rdf:li rdf:resource="http://www.geneontology.org/#GO:0008349"/>
<rdf:li rdf:resource="http://www.geneontology.org/#GO:0000185"/>
</rdf:Bag>
</dc:relation>
</rdf:Description>
</rdf:RDF>
</annotation>
<listOfReactants>
          <speciesReference species="MKKK"/>
        </listOfReactants>
        <listOfProducts>
          <speciesReference species="MKKK_P"/>
        </listOfProducts>
        <listOfModifiers>
          <modifierSpeciesReference species="MAPK_PP"/>
        </listOfModifiers>
        <kineticLaw>
          <math xmlns="http://www.w3.org/1998/Math/MathML">
            <apply>
              <divide/>
              <apply>
                <times/>
                <ci> V1 </ci>
                <ci> MKKK </ci>
              </apply>
              <apply>
                <times/>
                <apply>
                  <plus/>
                  <cn type="integer"> 1 </cn>
                  <apply>
                    <power/>
                    <apply>
                      <divide/>
                      <ci> MAPK_PP </ci>
                      <ci> Ki </ci>
                    </apply>
                    <ci> n </ci>
                  </apply>
                </apply>
                <apply>
                  <plus/>
                  <ci> K1 </ci>
                  <ci> MKKK </ci>
                </apply>
              </apply>
            </apply>
          </math>
          <listOfParameters>
            <parameter id="V1" value="2.5"/>
            <parameter id="Ki" value="9"/>
            <parameter id="n" value="1"/>
            <parameter id="K1" value="10"/>
          </listOfParameters>
        </kineticLaw>
      </reaction>
      <reaction id="J1" metaid="_584655" name="MAPKKK inactivation" reversible="false">
        <listOfReactants>
          <speciesReference species="MKKK_P"/>
        </listOfReactants>
        <listOfProducts>
          <speciesReference species="MKKK"/>
        </listOfProducts>
        <kineticLaw>
          <math xmlns="http://www.w3.org/1998/Math/MathML">
            <apply>
              <divide/>
              <apply>
                <times/>
                <ci> V2 </ci>
                <ci> MKKK_P </ci>
              </apply>
              <apply>
                <plus/>
                <ci> KK2 </ci>
                <ci> MKKK_P </ci>
              </apply>
            </apply>
          </math>
          <listOfParameters>
            <parameter id="V2" value="0.25"/>
            <parameter id="KK2" value="8"/>
          </listOfParameters>
        </kineticLaw>
      </reaction>
      <reaction id="J2" metaid="_584675" name="phosphorylation of MAPKK" reversible="false">
        <annotation>
<rdf:RDF xmlns:dc="http://purl.org/dc/elements/1.1/" xmlns:dcterms="http://purl.org/dc/terms/" xmlns:rdf="http://www.w3.org/1999/02/22-rdf-syntax-ns#" xmlns:vCard="http://www.w3.org/2001/vcard-rdf/3.0#">
<rdf:Description rdf:about="#_584675">
<dc:relation>
<rdf:Bag>
<rdf:li rdf:resource="http://www.geneontology.org/#GO:0004709"/>
<rdf:li rdf:resource="http://www.ebi.ac.uk/IntEnz/#EC 2.7.1.37"/>
</rdf:Bag>
</dc:relation>
</rdf:Description>
</rdf:RDF>
</annotation>
<listOfReactants>
          <speciesReference species="MKK"/>
        </listOfReactants>
        <listOfProducts>
          <speciesReference species="MKK_P"/>
        </listOfProducts>
        <listOfModifiers>
          <modifierSpeciesReference species="MKKK_P"/>
        </listOfModifiers>
        <kineticLaw>
          <math xmlns="http://www.w3.org/1998/Math/MathML">
            <apply>
              <divide/>
              <apply>
                <times/>
                <ci> k3 </ci>
                <ci> MKKK_P </ci>
                <ci> MKK </ci>
              </apply>
              <apply>
                <plus/>
                <ci> KK3 </ci>
                <ci> MKK </ci>
              </apply>
            </apply>
          </math>
          <listOfParameters>
            <parameter id="k3" value="0.025"/>
            <parameter id="KK3" value="15"/>
          </listOfParameters>
        </kineticLaw>
      </reaction>
      <reaction id="J3" metaid="_584695" name="phosphorylation of MAPKK-P" reversible="false">
        <annotation>
<rdf:RDF xmlns:dc="http://purl.org/dc/elements/1.1/" xmlns:dcterms="http://purl.org/dc/terms/" xmlns:rdf="http://www.w3.org/1999/02/22-rdf-syntax-ns#" xmlns:vCard="http://www.w3.org/2001/vcard-rdf/3.0#">
<rdf:Description rdf:about="#_584695">
<dc:relation>
<rdf:Bag>
<rdf:li rdf:resource="http://www.geneontology.org/#GO:0004709"/>
<rdf:li rdf:resource="http://www.geneontology.org/#GO:0000186"/>
<rdf:li rdf:resource="http://www.ebi.ac.uk/IntEnz/#EC 2.7.1.37"/>
</rdf:Bag>
</dc:relation>
</rdf:Description>
</rdf:RDF>
</annotation>
<listOfReactants>
          <speciesReference species="MKK_P"/>
        </listOfReactants>
        <listOfProducts>
          <speciesReference species="MKK_PP"/>
        </listOfProducts>
        <listOfModifiers>
          <modifierSpeciesReference species="MKKK_P"/>
        </listOfModifiers>
        <kineticLaw>
          <math xmlns="http://www.w3.org/1998/Math/MathML">
            <apply>
              <divide/>
              <apply>
                <times/>
                <ci> k4 </ci>
                <ci> MKKK_P </ci>
                <ci> MKK_P </ci>
              </apply>
              <apply>
                <plus/>
                <ci> KK4 </ci>
                <ci> MKK_P </ci>
              </apply>
            </apply>
          </math>
          <listOfParameters>
            <parameter id="k4" value="0.025"/>
            <parameter id="KK4" value="15"/>
          </listOfParameters>
        </kineticLaw>
      </reaction>
      <reaction id="J4" metaid="_584715" name="dephosphorylation of MAPKK-PP" reversible="false">
        <annotation>
<rdf:RDF xmlns:rdf="http://www.w3.org/1999/02/22-rdf-syntax-ns#" xmlns:dc="http://purl.org/dc/elements/1.1/" xmlns:dcterms="http://purl.org/dc/terms/">
<rdf:Description rdf:about="#_584715">
<dc:relation>
<rdf:Bag>
<rdf:li rdf:resource="http://www.ebi.ac.uk/IntEnz/#EC 3.1.3.16"/>
</rdf:Bag>
</dc:relation>
</rdf:Description>
</rdf:RDF>
</annotation>
<listOfReactants>
          <speciesReference species="MKK_PP"/>
        </listOfReactants>
        <listOfProducts>
          <speciesReference species="MKK_P"/>
        </listOfProducts>
        <kineticLaw>
          <math xmlns="http://www.w3.org/1998/Math/MathML">
            <apply>
              <divide/>
              <apply>
                <times/>
                <ci> V5 </ci>
                <ci> MKK_PP </ci>
              </apply>
              <apply>
                <plus/>
                <ci> KK5 </ci>
                <ci> MKK_PP </ci>
              </apply>
            </apply>
          </math>
          <listOfParameters>
            <parameter id="V5" value="0.75"/>
            <parameter id="KK5" value="15"/>
          </listOfParameters>
        </kineticLaw>
      </reaction>
      <reaction id="J5" metaid="_584735" name="dephosphorylation of MAPKK-P" reversible="false">
        <annotation>
<rdf:RDF xmlns:rdf="http://www.w3.org/1999/02/22-rdf-syntax-ns#" xmlns:dc="http://purl.org/dc/elements/1.1/" xmlns:dcterms="http://purl.org/dc/terms/">
<rdf:Description rdf:about="#_584735">
<dc:relation>
<rdf:Bag>
<rdf:li rdf:resource="http://www.ebi.ac.uk/IntEnz/#EC 3.1.3.16"/>
</rdf:Bag>
</dc:relation>
</rdf:Description>
</rdf:RDF>
</annotation>
<listOfReactants>
          <speciesReference species="MKK_P"/>
        </listOfReactants>
        <listOfProducts>
          <speciesReference species="MKK"/>
        </listOfProducts>
        <kineticLaw>
          <math xmlns="http://www.w3.org/1998/Math/MathML">
            <apply>
              <divide/>
              <apply>
                <times/>
                <ci> V6 </ci>
                <ci> MKK_P </ci>
              </apply>
              <apply>
                <plus/>
                <ci> KK6 </ci>
                <ci> MKK_P </ci>
              </apply>
            </apply>
          </math>
          <listOfParameters>
            <parameter id="V6" value="0.75"/>
            <parameter id="KK6" value="15"/>
          </listOfParameters>
        </kineticLaw>
      </reaction>
      <reaction id="J6" metaid="_584755" name="phosphorylation of MAPK" reversible="false">
        <annotation>
<rdf:RDF xmlns:dc="http://purl.org/dc/elements/1.1/" xmlns:dcterms="http://purl.org/dc/terms/" xmlns:rdf="http://www.w3.org/1999/02/22-rdf-syntax-ns#" xmlns:vCard="http://www.w3.org/2001/vcard-rdf/3.0#">
<rdf:Description rdf:about="#_584755">
<dc:relation>
<rdf:Bag>
<rdf:li rdf:resource="http://www.geneontology.org/#GO:0004708"/>
<rdf:li rdf:resource="http://www.ebi.ac.uk/IntEnz/#EC 2.7.1.37"/>
</rdf:Bag>
</dc:relation>
</rdf:Description>
</rdf:RDF>
</annotation>
<listOfReactants>
          <speciesReference species="MAPK"/>
        </listOfReactants>
        <listOfProducts>
          <speciesReference species="MAPK_P"/>
        </listOfProducts>
        <listOfModifiers>
          <modifierSpeciesReference species="MKK_PP"/>
        </listOfModifiers>
        <kineticLaw>
          <math xmlns="http://www.w3.org/1998/Math/MathML">
            <apply>
              <divide/>
              <apply>
                <times/>
                <ci> k7 </ci>
                <ci> MKK_PP </ci>
                <ci> MAPK </ci>
              </apply>
              <apply>
                <plus/>
                <ci> KK7 </ci>
                <ci> MAPK </ci>
              </apply>
            </apply>
          </math>
          <listOfParameters>
            <parameter id="k7" value="0.025"/>
            <parameter id="KK7" value="15"/>
          </listOfParameters>
        </kineticLaw>
      </reaction>
      <reaction id="J7" metaid="_584775" name="phosphorylation of MAPK-P" reversible="false">
        <annotation>
<rdf:RDF xmlns:dc="http://purl.org/dc/elements/1.1/" xmlns:dcterms="http://purl.org/dc/terms/" xmlns:rdf="http://www.w3.org/1999/02/22-rdf-syntax-ns#" xmlns:vCard="http://www.w3.org/2001/vcard-rdf/3.0#">
<rdf:Description rdf:about="#_584775">
<dc:relation>
<rdf:Bag>
<rdf:li rdf:resource="http://www.geneontology.org/#GO:0004708"/>
<rdf:li rdf:resource="http://www.geneontology.org/#GO:0000187"/>
<rdf:li rdf:resource="http://www.ebi.ac.uk/IntEnz/#EC 2.7.1.37"/>
</rdf:Bag>
</dc:relation>
</rdf:Description>
</rdf:RDF>
</annotation>
<listOfReactants>
          <speciesReference species="MAPK_P"/>
        </listOfReactants>
        <listOfProducts>
          <speciesReference species="MAPK_PP"/>
        </listOfProducts>
        <listOfModifiers>
          <modifierSpeciesReference species="MKK_PP"/>
        </listOfModifiers>
        <kineticLaw>
          <math xmlns="http://www.w3.org/1998/Math/MathML">
            <apply>
              <divide/>
              <apply>
                <times/>
                <ci> k8 </ci>
                <ci> MKK_PP </ci>
                <ci> MAPK_P </ci>
              </apply>
              <apply>
                <plus/>
                <ci> KK8 </ci>
                <ci> MAPK_P </ci>
              </apply>
            </apply>
          </math>
          <listOfParameters>
            <parameter id="k8" value="0.025"/>
            <parameter id="KK8" value="15"/>
          </listOfParameters>
        </kineticLaw>
      </reaction>
      <reaction id="J8" metaid="_584795" name="dephosphorylation of MAPK-PP" reversible="false">
        <annotation>
<rdf:RDF xmlns:dc="http://purl.org/dc/elements/1.1/" xmlns:dcterms="http://purl.org/dc/terms/" xmlns:rdf="http://www.w3.org/1999/02/22-rdf-syntax-ns#" xmlns:vCard="http://www.w3.org/2001/vcard-rdf/3.0#">
<rdf:Description rdf:about="#_584795">
<dc:relation>
<rdf:Bag>
<rdf:li rdf:resource="http://www.geneontology.org/#GO:0000188"/>
<rdf:li rdf:resource="http://www.ebi.ac.uk/IntEnz/#EC 3.1.3.16"/>
</rdf:Bag>
</dc:relation>
</rdf:Description>
</rdf:RDF>
</annotation>
<listOfReactants>
          <speciesReference species="MAPK_PP"/>
        </listOfReactants>
        <listOfProducts>
          <speciesReference species="MAPK_P"/>
        </listOfProducts>
        <kineticLaw>
          <math xmlns="http://www.w3.org/1998/Math/MathML">
            <apply>
              <divide/>
              <apply>
                <times/>
                <ci> V9 </ci>
                <ci> MAPK_PP </ci>
              </apply>
              <apply>
                <plus/>
                <ci> KK9 </ci>
                <ci> MAPK_PP </ci>
              </apply>
            </apply>
          </math>
          <listOfParameters>
            <parameter id="V9" value="0.5"/>
            <parameter id="KK9" value="15"/>
          </listOfParameters>
        </kineticLaw>
      </reaction>
      <reaction id="J9" metaid="_584815" name="dephosphorylation of MAPK-P" reversible="false">
        <annotation>
<rdf:RDF xmlns:rdf="http://www.w3.org/1999/02/22-rdf-syntax-ns#" xmlns:dc="http://purl.org/dc/elements/1.1/" xmlns:dcterms="http://purl.org/dc/terms/">
<rdf:Description rdf:about="#_584815">
<dc:relation>
<rdf:Bag>
<rdf:li rdf:resource="http://www.ebi.ac.uk/IntEnz/#EC 3.1.3.16"/>
</rdf:Bag>
</dc:relation>
</rdf:Description>
</rdf:RDF>
</annotation>
<listOfReactants>
          <speciesReference species="MAPK_P"/>
        </listOfReactants>
        <listOfProducts>
          <speciesReference species="MAPK"/>
        </listOfProducts>
        <kineticLaw>
          <math xmlns="http://www.w3.org/1998/Math/MathML">
            <apply>
              <divide/>
              <apply>
                <times/>
                <ci> V10 </ci>
                <ci> MAPK_P </ci>
              </apply>
              <apply>
                <plus/>
                <ci> KK10 </ci>
                <ci> MAPK_P </ci>
              </apply>
            </apply>
          </math>
          <listOfParameters>
            <parameter id="V10" value="0.5"/>
            <parameter id="KK10" value="15"/>
          </listOfParameters>
        </kineticLaw>
      </reaction>
    </listOfReactions>
  </model>
</sbml>